"","nnn","name","HI","het","rec","info.sites","generation","sex","mode","mode.freq","s0","s0.25","s0.5","s0.75","s1","l0","l0.25","l0.5","l0.75","l1","recomb.mullera","recomb.mullerb","recomb.mullercd","recomb.mullere","names","name.1","prefix","Generation","Species","Gender","Start.Date","library","sorted.bam","X","id","ma.fr","mb.fr","mdc.fr","me.fr","mf.fr","total.mreads","sex.auto.fr","sex.g","HI.1","het.1","hi.a","hi.dc","hi.e","hi.b","hi.f","het.a","het.dc","het.e","het.b","het.f"
"225","M.NA.albomicans.DBMN01_142_S142_L005_R1_001","DBMN01_142",0,0,1,155018,NA,"M",0.75,155018,1,0,0,0,0,55183021,0,0,0,0,1,1,1,1,"DBMN01_142_S142_L005_R1_001","DBMN01_142","DBMN01_142_S142_L005_R1_001",NA,"albomicans","male","42229","old","DBMN01_142_S142_L005_R1_001.sorted.bam",1,"DBMN01_142_S142_L005_R1_001",0.000163915148003484,0.000298187762607103,0.000282216183891646,0.000297678857140014,0.000313706392717889,41259,0.560021722293918,"M",0,0,0,0,0,0,0,0,0,0,0,0
"226","F.NA.albomicans.DBMN01_192_S192_L005_R1_001","DBMN01_192",1.87417185031364e-06,0,1,159848,NA,"F",1,159848,1,0,0,0,0,55183021,0,0,0,0,1,1,1,1,"DBMN01_192_S192_L005_R1_001","DBMN01_192","DBMN01_192_S192_L005_R1_001",NA,"albomicans","female","42229","old","DBMN01_192_S192_L005_R1_001.sorted.bam",2,"DBMN01_192_S192_L005_R1_001",0.000402623903946985,0.000438548640676405,0.000424536202790471,0.000444710050840621,0.000483764888975636,66856,0.923594148515579,"F",1.87417185031364e-06,0,0,0,0,0,0,0,0,0,0,0
"227","F.NA.nasuta.DBMN01_375_S375_L005_R1_001","DBMN01_375",0.997805079004018,0.00438984199196353,3,155287,NA,"F",0,155287,0,0,1,0,2,0,0,1224246,0,53876291,1,1,3,1,"DBMN01_375_S375_L005_R1_001","DBMN01_375","DBMN01_375_S375_L005_R1_001",NA,"nasuta","female","42229","old","DBMN01_375_S375_L005_R1_001.sorted.bam",3,"DBMN01_375_S375_L005_R1_001",0.00247419658073061,0.00236645402858502,0.00238950391669467,0.0025089331142312,0.00225585171929784,379482,1.02170695766656,"F",0.997805079004018,0.00438984199196353,1,0.993329873270444,1,1,1,0,0.0133402534591123,0,0,0
"228","M.NA.nasuta.DBMN01_376_S376_L005_R1_001","DBMN01_376",NA,NA,1,0,NA,"M",NA,1,0,0,0,0,0,0,0,0,0,0,0,0,0,0,"DBMN01_376_S376_L005_R1_001","DBMN01_376","DBMN01_376_S376_L005_R1_001",NA,"nasuta","male","42229","old","DBMN01_376_S376_L005_R1_001.sorted.bam",4,"DBMN01_376_S376_L005_R1_001",2.40300748401662e-06,3.32233818694246e-06,3.14739238540869e-06,4.07937786536514e-06,3.22080485336642e-06,505,0.683377414746767,"M",NA,NA,NA,NA,NA,NA,NA,NA,NA,NA,NA,NA
"144","M.27.A1.DBMN02B_N701_S501_S431_L004_R1_001","DBMN02B_N701_S501",0.442109145311077,0.755395068853935,2,25032,27,"M",0.25,19516,1,0,1,0,0,1472910,0,53513932,0,0,4,5,2,3,"DBMN02B_N701_S501_S431_L004_R1_001","DBMN02B_N701_S501","DBMN02B_N701_S501_S431_L004_R1_001",27,"A1","male","7-9-2014","old","DBMN02B_N701_S501_S431_L004_R1_001.sorted.bam",5,"DBMN02B_N701_S501_S431_L004_R1_001",0.000279619958358884,0.000486864930309369,0.000416939048756726,0.000422519392523351,0.000744005921127642,63505,0.632470099709828,"M",0.442109145311077,0.755395068853935,0.302913566229395,0.486658555219151,0.48952001582563,0.44851247549361,NA,0,0.973317110438301,0.979040031651261,0.87489152909163,NA
"145","F.27.A1.DBMN02B_N701_S502_S455_L004_R1_001","DBMN02B_N701_S502",0.300925803764282,0.350486084671841,5,159487,27,"F",1,151033,3,0,2,0,0,52385356,0,2680738,0,0,10,8,5,4,"DBMN02B_N701_S502_S455_L004_R1_001","DBMN02B_N701_S502","DBMN02B_N701_S502_S455_L004_R1_001",27,"A1","female","7-9-2014","old","DBMN02B_N701_S502_S455_L004_R1_001.sorted.bam",6,"DBMN02B_N701_S502_S455_L004_R1_001",0.00217144767533807,0.0021502805572213,0.00225944787502175,0.00236167046646731,0.00315574459532842,351688,0.962037995908776,"F",0.300925803764282,0.350486084671841,0.352906064533734,0.0203590885457875,0.462478366504693,0.525459607054868,0,0.398662937444573,0.0407181770915749,0.503686014777341,0.635436215346028,0
"146","F.27.A1.DBMN02B_N701_S503_S479_L004_R1_001","DBMN02B_N701_S503",0.302070518912385,0.452857506554182,6,155912,27,"F",1,133799,3,0,3,0,0,47368713,0,7319145,0,0,10,8,6,5,"DBMN02B_N701_S503_S479_L004_R1_001","DBMN02B_N701_S503","DBMN02B_N701_S503_S479_L004_R1_001",27,"A1","female","7-9-2014","old","DBMN02B_N701_S503_S479_L004_R1_001.sorted.bam",7,"DBMN02B_N701_S503_S479_L004_R1_001",0.000768541868575616,0.000739109501988467,0.00074012559904464,0.000765997222435514,0.00109636197208593,118040,1.02689845573082,"F",0.302070518912385,0.452857506554182,0.257756690478729,0.0596942829540453,0.475080621518616,0.565907253004657,0,0.335714539574226,0.119388565908091,0.907737941262697,0.642090293076044,0
"147","F.27.A1.DBMN02B_N701_S504_S503_L004_R1_001","DBMN02B_N701_S504",0.413511529757172,0.412735488409077,4,157861,27,"F",0.5,131509,1,0,2,0,1,6451643,0,47234185,0,885002,6,5,4,5,"DBMN02B_N701_S504_S503_L004_R1_001","DBMN02B_N701_S504","DBMN02B_N701_S504_S503_L004_R1_001",27,"A1","female","7-9-2014","old","DBMN02B_N701_S504_S503_L004_R1_001.sorted.bam",8,"DBMN02B_N701_S504_S503_L004_R1_001",0.000502048338598173,0.000446237480480472,0.00046738776923319,0.000479746409670104,0.000595848897872787,74163,1.08093558933201,"F",0.413511529757172,0.412735488409077,0.710587065536919,0.449352673219851,0.039608832807571,0.445869061832917,0.5,0.389201106692028,0.868405429781599,0.079217665615142,0.0590198632367307,1
"148","F.27.A1.DBMN02B_N702_S501_S432_L004_R1_001","DBMN02B_N702_S501",0.286851476662788,0.523662677005612,3,125093,27,"F",1,91503,1,0,2,0,0,46226046,0,6512707,0,0,6,1,3,4,"DBMN02B_N702_S501_S432_L004_R1_001","DBMN02B_N702_S501","DBMN02B_N702_S501_S432_L004_R1_001",27,"A1","female","7-9-2014","old","DBMN02B_N702_S501_S432_L004_R1_001.sorted.bam",9,"DBMN02B_N702_S501_S432_L004_R1_001",0.000289081800327199,0.000243479927128783,0.000286575503230057,0.000275864311675579,0.000119813940545231,42883,1.07609400260176,"F",0.286851476662788,0.523662677005612,0.389513581113695,0.0731540486250606,0.290488389839747,0.5,NA,0.576648821799991,0.146308097250121,0.580976779679494,1,NA
"149","F.27.A1.DBMN02B_N702_S503_S480_L004_R1_001","DBMN02B_N702_S503",0.434520109068092,0.864159334256692,3,131136,27,"F",0.5,111849,1,0,2,0,0,6914313,0,42892698,0,0,6,3,3,1,"DBMN02B_N702_S503_S480_L004_R1_001","DBMN02B_N702_S503","DBMN02B_N702_S503_S480_L004_R1_001",27,"A1","female","7-9-2014","old","DBMN02B_N702_S503_S480_L004_R1_001.sorted.bam",10,"DBMN02B_N702_S503_S480_L004_R1_001",0.000158538418757997,0.000152258012910163,0.00016248865401222,0.000176686245558758,0.000109507365014458,25350,0.967813193204152,"F",0.434520109068092,0.864159334256692,0.346527168818602,0.452489638176319,0.5,0.395093523918949,NA,0.64201263947265,0.904979276352638,1,0.790187047837898,NA
"150","NA.27.A1.DBMN02B_N702_S504_S504_L004_R1_001","DBMN02B_N702_S504",0.402661955472033,0.805317385743742,4,12648,27,NA,0.75,12648,2,0,2,0,0,14205918,0,17393289,0,0,1,1,4,2,"DBMN02B_N702_S504_S504_L004_R1_001","DBMN02B_N702_S504","DBMN02B_N702_S504_S504_L004_R1_001",27,"A1","male","7-9-2014","old","DBMN02B_N702_S504_S504_L004_R1_001.sorted.bam",11,"DBMN02B_N702_S504_S504_L004_R1_001",5.98949615391143e-05,6.62252745263865e-05,6.50280208364611e-05,7.79421558105935e-05,5.08887166831894e-05,10455,0.858933038980702,NA,0.402661955472033,0.805317385743742,0.5,0.27055027173913,0.362717422449564,0.5,NA,1,0.541100543478261,0.725434844899129,1,NA
"151","M.27.A1.DBMN02B_N703_S501_S433_L004_R1_001","DBMN02B_N703_S501",0.164133753010106,0.0422704260604107,2,156238,27,"M",0.75,148783,1,0,1,0,0,52316310,0,2805542,0,0,6,3,2,5,"DBMN02B_N703_S501_S433_L004_R1_001","DBMN02B_N703_S501","DBMN02B_N703_S501_S433_L004_R1_001",27,"A1","male","7-9-2014","old","DBMN02B_N703_S501_S433_L004_R1_001.sorted.bam",12,"DBMN02B_N703_S501_S433_L004_R1_001",0.000587114803532361,0.001073874625968,0.000967768893127217,0.00101316123026398,0.00231382620665843,145598,0.576581665642151,"M",0.164133753010106,0.0422704260604107,0.654965478309957,0.0254128243619987,0.0532282923723844,0.00251267514955335,0,0,0.0508256487239974,0.106456584744769,0.0050253502991067,0
"152","F.27.A1.DBMN02B_N703_S502_S457_L004_R1_001","DBMN02B_N703_S502",0.473167950040491,0.757047336001061,22,151677,27,"F",0.5,108072,9,0,11,0,2,11426534,0,38101208,0,2631830,7,9,22,6,"DBMN02B_N703_S502_S457_L004_R1_001","DBMN02B_N703_S502","DBMN02B_N703_S502_S457_L004_R1_001",27,"A1","female","7-9-2014","old","DBMN02B_N703_S502_S457_L004_R1_001.sorted.bam",13,"DBMN02B_N703_S502_S457_L004_R1_001",0.00214219105922017,0.00197764553676455,0.00208044445521713,0.00214757545793042,0.00258244133142919,327072,1.03559775007715,"F",0.473167950040491,0.757047336001061,0.436816187891512,0.442889566175994,0.478350876900089,0.564580928401974,0,0.70164882994521,0.784397898968938,0.80486155746805,0.750856685784924,0
"153","M.27.A1.DBMN02B_N703_S503_S481_L004_R1_001","DBMN02B_N703_S503",0.528378749351271,0.5585979845828,5,43614,27,"M",0.25,26174,2,0,3,0,0,7652826,0,46633911,0,0,4,4,5,5,"DBMN02B_N703_S503_S481_L004_R1_001","DBMN02B_N703_S503","DBMN02B_N703_S503_S481_L004_R1_001",27,"A1","male","7-9-2014","old","DBMN02B_N703_S503_S481_L004_R1_001.sorted.bam",14,"DBMN02B_N703_S503_S481_L004_R1_001",0.000284576161294668,0.00045522361424325,0.000405470963858168,0.000457729341900297,0.000713086194535325,63205,0.647537162313389,"M",0.528378749351271,0.5585979845828,0.836728356725873,0.43567608995811,0.343129077003824,0.555101691042048,0,0,0.87135217991622,0.686258154007648,0.539057739183425,0
"154","F.27.A1.DBMN02B_N703_S504_S505_L004_R1_001","DBMN02B_N703_S504",0.402849941996307,0.706223551133114,5,153935,27,"F",0.5,135537,0,0,3,0,2,0,0,47858486,0,5718701,13,5,5,6,"DBMN02B_N703_S504_S505_L004_R1_001","DBMN02B_N703_S504","DBMN02B_N703_S504_S505_L004_R1_001",27,"A1","female","7-9-2014","old","DBMN02B_N703_S504_S505_L004_R1_001.sorted.bam",15,"DBMN02B_N703_S504_S505_L004_R1_001",0.000428606422367915,0.000427221049524735,0.000412851056348091,0.000446445956315244,0.00055719923963239,66891,0.99945683227864,"F",0.402849941996307,0.706223551133114,0.393253051294319,0.548227406263705,0.326165209875883,0.281519110264209,0,0.618056333153496,0.903545187472589,0.652330419751766,0.563038220528418,0
"155","F.27.A1.DBMN02B_N704_S501_S434_L004_R1_001","DBMN02B_N704_S501",0.650509756249493,0.441752255253764,5,159483,27,"F",0,124765,2,0,1,0,2,9775022,0,339472,0,44950477,9,3,5,4,"DBMN02B_N704_S501_S434_L004_R1_001","DBMN02B_N704_S501","DBMN02B_N704_S501_S434_L004_R1_001",27,"A1","female","7-9-2014","old","DBMN02B_N704_S501_S434_L004_R1_001.sorted.bam",16,"DBMN02B_N704_S501_S434_L004_R1_001",0.00209911715006917,0.0019866633118434,0.00205342029301138,0.00214230987799073,0.00304366058643126,324963,1.01859441131998,"F",0.650509756249493,0.441752255253764,0.552148804613147,0.831270164713873,0.483736677115987,0.667964568614858,0,0.566318242513417,0.00523575026886285,0.76957157784744,0.664070862770285,0
"156","M.27.A1.DBMN02B_N704_S502_S458_L004_R1_001","DBMN02B_N704_S502",0.443248174133348,0.537428589497649,7,104512,27,"M",0.25,79008,2,0,4,0,1,7099049,0,47068294,0,460666,5,7,7,4,"DBMN02B_N704_S502_S458_L004_R1_001","DBMN02B_N704_S502","DBMN02B_N704_S502_S458_L004_R1_001",27,"A1","male","7-9-2014","old","DBMN02B_N704_S502_S458_L004_R1_001.sorted.bam",17,"DBMN02B_N704_S502_S458_L004_R1_001",0.000722704500817999,0.00133323849376198,0.00123236691504537,0.00130566130273804,0.0025051420149484,183344,0.56005273312427,"M",0.443248174133348,0.537428589497649,0.48106976269109,0.441199541941025,0.307799827581878,0.573092732112456,0,0,0.872470655596908,0.615599655163755,0.512458026468015,0
"157","NA.27.A1.DBMN02B_N704_S503_S482_L004_R1_001","DBMN02B_N704_S503",0.442955910349694,0.342181394129197,8,51441,27,NA,0.75,34864,4,0,4,0,0,15714458,0,34519651,0,0,2,6,8,5,"DBMN02B_N704_S503_S482_L004_R1_001","DBMN02B_N704_S503","DBMN02B_N704_S503_S482_L004_R1_001",27,"A1","male","7-9-2014","old","DBMN02B_N704_S503_S482_L004_R1_001.sorted.bam",18,"DBMN02B_N704_S503_S482_L004_R1_001",0.000212365786399969,0.000268982827878075,0.00027787495301522,0.000297215949013447,0.000394870675022723,41819,0.754788754378479,NA,0.442955910349694,0.342181394129197,0.584633492331791,0.375466375782504,0.138337127005015,0.744899751056203,0,0,0.750932751565008,0.27667425401003,0.220103502773502,0
"158","M.27.A1.DBMN02B_N704_S504_S506_L004_R1_001","DBMN02B_N704_S504",0.16159698337904,0.100864002060575,5,140224,27,"M",0.75,136916,3,0,2,0,0,51967150,0,2926987,0,0,3,7,5,4,"DBMN02B_N704_S504_S506_L004_R1_001","DBMN02B_N704_S504","DBMN02B_N704_S504_S506_L004_R1_001",27,"A1","male","7-9-2014","old","DBMN02B_N704_S504_S506_L004_R1_001.sorted.bam",19,"DBMN02B_N704_S504_S506_L004_R1_001",0.000434794166639257,0.000772111394645429,0.000732130498847222,0.000775284316724749,0.00150282754458077,108482,0.572216495722316,"M",0.16159698337904,0.100864002060575,0.429807012914045,0.0248873790709696,0.0767342671963203,0.19124970784416,0,0,0.0497747581419393,0.134066485469371,0.255820643282214,0
"118","M.18.x1.DBMN02B_N704_S510_S650_L004_R1_001","DBMN02B_N704_S510",0.549690587465177,0.673175874195071,1,44771,18,"M",0.5,44771,0,0,1,0,0,0,0,41699452,0,0,1,4,1,3,"DBMN02B_N704_S510_S650_L004_R1_001","DBMN02B_N704_S510","DBMN02B_N704_S510_S650_L004_R1_001",18,"x1","male","41829","old","DBMN02B_N704_S510_S650_L004_R1_001.sorted.bam",20,"DBMN02B_N704_S510_S650_L004_R1_001",2.52616161757247e-05,3.99629821915079e-05,3.93966702035639e-05,4.47863612452854e-05,4.38029460057833e-05,5898,0.610449311298209,"M",0.549690587465177,0.673175874195071,0,0.5,0.754179207546678,0.658996284192148,NA,0,1,0.419458233983505,0.681917894077092,NA
"122","M.21.x1.DBMN02B_N704_S511_S674_L004_R1_001","DBMN02B_N704_S511",0.416697757931187,0.669532892614659,3,158561,21,"M",0.5,137454,0,0,2,0,1,0,0,48066465,0,6747742,6,2,3,9,"DBMN02B_N704_S511_S674_L004_R1_001","DBMN02B_N704_S511","DBMN02B_N704_S511_S674_L004_R1_001",21,"x1","male","41829","old","DBMN02B_N704_S511_S674_L004_R1_001.sorted.bam",21,"DBMN02B_N704_S511_S674_L004_R1_001",0.00032960251402643,0.000566442840215657,0.000547302594283395,0.000593882194626597,0.00085544576905412,80987,0.579053375111754,"M",0.416697757931187,0.669532892614659,0.225106589670247,0.549505179296679,0.435113539324864,0.395865681497742,0,3.59796355262921e-05,0.900989641406643,0.870227078649727,0.791731362995485,0
"123","M.21.x1.DBMN02B_N704_S512_S698_L004_R1_001","DBMN02B_N704_S512",0.430233454421839,0.627818865299249,4,153592,21,"M",0.5,137536,2,0,2,0,0,4524349,0,50318935,0,0,5,4,4,5,"DBMN02B_N704_S512_S698_L004_R1_001","DBMN02B_N704_S512","DBMN02B_N704_S512_S698_L004_R1_001",21,"x1","male","41829","old","DBMN02B_N704_S512_S698_L004_R1_001.sorted.bam",22,"DBMN02B_N704_S512_S698_L004_R1_001",0.000286618717656082,0.000489775931387451,0.000482654431148621,0.000523375500598974,0.000834832617992575,71090,0.574844753694228,"M",0.430233454421839,0.627818865299249,0.437567402401323,0.457118415128321,0.418395811334037,0.408274824021415,0,0,0.914236830256641,0.836791622668075,0.633369685717118,0
"124","M.21.x1.DBMN02B_N704_S513_S722_L004_R1_001","DBMN02B_N704_S513",0.3644481026902,0.59754943841297,5,153958,21,"M",0.5,133629,2,0,3,0,0,6137277,0,46758108,0,0,3,5,5,4,"DBMN02B_N704_S513_S722_L004_R1_001","DBMN02B_N704_S513","DBMN02B_N704_S513_S722_L004_R1_001",21,"x1","male","41829","old","DBMN02B_N704_S513_S722_L004_R1_001.sorted.bam",23,"DBMN02B_N704_S513_S722_L004_R1_001",0.000167940185539212,0.000294960348368359,0.00028464003779765,0.000305374704744178,0.000465084220826111,41926,0.569304788114953,"M",0.3644481026902,0.59754943841297,0.177943554697689,0.460357065158273,0.318964914121804,0.499527725026597,0,0,0.920714130316545,0.637929828243607,0.779323304532845,0
"159","M.27.A1.DBMN02B_N705_S501_S435_L004_R1_001","DBMN02B_N705_S501",0.340442743608446,0.328206196894922,5,149142,27,"M",0.75,137106,3,0,2,0,0,49590167,0,5412026,0,0,4,7,5,6,"DBMN02B_N705_S501_S435_L004_R1_001","DBMN02B_N705_S501","DBMN02B_N705_S501_S435_L004_R1_001",27,"A1","male","7-9-2014","old","DBMN02B_N705_S501_S435_L004_R1_001.sorted.bam",24,"DBMN02B_N705_S501_S435_L004_R1_001",0.00115755874264436,0.00202339887979616,0.00192137452052009,0.00202143299344111,0.00378380154173487,284449,0.582057675974241,"M",0.340442743608446,0.328206196894922,0.336326923726809,0.044723427608018,0.499346537491884,0.6414823158369,0.5,0,0.0894468552160359,0.79902865960084,0.536346023879252,1
"160","F.27.A1.DBMN02B_N705_S502_S459_L004_R1_001","DBMN02B_N705_S502",0.268176139912555,0.49763405447353,2,159766,27,"F",1,155754,1,0,1,0,0,54087112,0,1077737,0,0,6,4,2,5,"DBMN02B_N705_S502_S459_L004_R1_001","DBMN02B_N705_S502","DBMN02B_N705_S502_S459_L004_R1_001",27,"A1","female","7-9-2014","old","DBMN02B_N705_S502_S459_L004_R1_001.sorted.bam",25,"DBMN02B_N705_S502_S459_L004_R1_001",0.00209452139825599,0.00207133547363633,0.00211492106376074,0.00223665634053651,0.00323433223375056,334443,0.978304441331539,"F",0.268176139912555,0.49763405447353,0.311923503710382,0.00975553349428036,0.430472343955556,0.46682649618185,0,0.573254039808586,0.0195110669885607,0.86052572041461,0.804759367785473,0
"161","F.27.A1.DBMN02B_N705_S503_S483_L004_R1_001","DBMN02B_N705_S503",0.319303850777583,0.252990114627442,2,159402,27,"F",1,156479,1,0,1,0,0,54275654,0,767766,0,0,7,7,2,5,"DBMN02B_N705_S503_S483_L004_R1_001","DBMN02B_N705_S503","DBMN02B_N705_S503_S483_L004_R1_001",27,"A1","female","7-9-2014","old","DBMN02B_N705_S503_S483_L004_R1_001.sorted.bam",26,"DBMN02B_N705_S503_S483_L004_R1_001",0.000689512959945019,0.000646811783023599,0.000645613385172454,0.000677639633777179,0.000858666573907487,103844,1.04998519732102,"F",0.319303850777583,0.252990114627442,0.462203210778796,0.00699796587184993,0.537309775490718,0.44958434392994,0,0.354917479174965,0.0139959317436999,0.238789322923268,0.559460109977597,0
"125","M.21.x1.DBMN02B_N705_S510_S651_L004_R1_001","DBMN02B_N705_S510",0.380937063247332,0.611030015307141,3,109201,21,"M",0.5,107788,0,0,2,0,1,0,0,51930259,0,515493,6,4,3,5,"DBMN02B_N705_S510_S651_L004_R1_001","DBMN02B_N705_S510","DBMN02B_N705_S510_S651_L004_R1_001",21,"x1","male","41829","old","DBMN02B_N705_S510_S651_L004_R1_001.sorted.bam",27,"DBMN02B_N705_S510_S651_L004_R1_001",0.000116846238910308,0.000192379201682002,0.000185515266119262,0.000201133580993039,0.000318859680483275,27673,0.605391599700298,"M",0.380937063247332,0.611030015307141,0.268295666534145,0.500017129740656,0.257031669078874,0.447576576748082,0,0,0.999965740518689,0.514063338157748,0.749138571075025,0
"126","M.21.x1.DBMN02B_N705_S511_S675_L004_R1_001","DBMN02B_N705_S511",0.423283279674086,0.624587757853421,5,147299,21,"M",0.5,123605,0,0,3,0,2,0,0,47049069,0,6956642,5,2,5,8,"DBMN02B_N705_S511_S675_L004_R1_001","DBMN02B_N705_S511","DBMN02B_N705_S511_S675_L004_R1_001",21,"x1","male","41829","old","DBMN02B_N705_S511_S675_L004_R1_001.sorted.bam",28,"DBMN02B_N705_S511_S675_L004_R1_001",0.000352491160311688,0.000564417795987425,0.000579970356628499,0.000611212317614921,0.000783299740338713,83978,0.602342901398298,"M",0.423283279674086,0.624587757853421,0.0803579354792891,0.559145282262515,0.547551392689258,0.432982893639161,0.5,0,0.881709435474969,0.61758927944994,0.865965787278322,1
"127","M.21.x1.DBMN02B_N705_S512_S699_L004_R1_001","DBMN02B_N705_S512",0.20946689429102,0.347424151353552,1,159115,21,"M",0.5,159115,0,0,1,0,0,0,0,55144430,0,0,7,1,1,3,"DBMN02B_N705_S512_S699_L004_R1_001","DBMN02B_N705_S512","DBMN02B_N705_S512_S699_L004_R1_001",21,"x1","male","41829","old","DBMN02B_N705_S512_S699_L004_R1_001.sorted.bam",29,"DBMN02B_N705_S512_S699_L004_R1_001",0.000352611310685889,0.000619125631465745,0.000613542542072858,0.00065252686791096,0.00102743674822389,89374,0.561127049880355,"M",0.20946689429102,0.347424151353552,0.169908243879973,0.5,0.0258046118880821,0,0,0.0104332731073086,1,0.0516092237761643,0,0
"162","F.27.A1.DBMN02B_N706_S501_S436_L004_R1_001","DBMN02B_N706_S501",0.308855552601336,0.617706710496536,5,155115,27,"F",1,151395,3,0,2,0,0,52495685,0,1106408,0,0,5,1,5,3,"DBMN02B_N706_S501_S436_L004_R1_001","DBMN02B_N706_S501","DBMN02B_N706_S501_S436_L004_R1_001",27,"A1","female","7-9-2014","old","DBMN02B_N706_S501_S436_L004_R1_001.sorted.bam",30,"DBMN02B_N706_S501_S436_L004_R1_001",0.000397667701011201,0.000348275965939769,0.000391814175059412,0.000389566120263416,0.000327877934072701,59881,1.05607621003243,"F",0.308855552601336,0.617706710496536,0.477106516550228,0.00935464921644549,0.442586061298495,0.5,0,0.954213033100457,0.018709298432891,0.88517212259699,1,0
"163","M.27.A1.DBMN02B_N706_S502_S460_L004_R1_001","DBMN02B_N706_S502",0.402287734009165,0.576466164059953,4,62161,27,"M",0.25,38331,1,0,2,0,1,5363339,0,46966953,0,1508993,4,5,4,6,"DBMN02B_N706_S502_S460_L004_R1_001","DBMN02B_N706_S502","DBMN02B_N706_S502_S460_L004_R1_001",27,"A1","male","7-9-2014","old","DBMN02B_N706_S502_S460_L004_R1_001.sorted.bam",31,"DBMN02B_N706_S502_S460_L004_R1_001",0.000262768868377217,0.000440605326220703,0.000414732256394543,0.000442974145365997,0.000803268730429585,62159,0.607178220871037,"M",0.402287734009165,0.576466164059953,0.253507976794779,0.463094000973107,0.375313456544437,0.502045503147286,0,0,0.870841017077434,0.653462077335642,0.650758230825732,0
"164","M.27.A1.DBMN02B_N706_S503_S484_L004_R1_001","DBMN02B_N706_S503",0.222380363231114,0.330438313988081,4,150486,27,"M",0.75,145546,2,0,2,0,0,52163476,0,2822997,0,0,5,4,4,7,"DBMN02B_N706_S503_S484_L004_R1_001","DBMN02B_N706_S503","DBMN02B_N706_S503_S484_L004_R1_001",27,"A1","male","7-9-2014","old","DBMN02B_N706_S503_S484_L004_R1_001.sorted.bam",32,"DBMN02B_N706_S503_S484_L004_R1_001",0.000985233068446815,0.00168588096131887,0.00158002715439913,0.00164731643190185,0.00316927197571255,235289,0.601580321984733,"M",0.222380363231114,0.330438313988081,0.249241830510785,0.0223446145490343,0.40790202164248,0.318966666370447,0,0,0.0446892290980685,0.799043704387216,0.637933332740893,0
"128","M.21.x1.DBMN02B_N706_S510_S652_L004_R1_001","DBMN02B_N706_S510",0.323653644179318,0.635434698681146,1,158675,21,"M",0.5,158675,0,0,1,0,0,0,0,55183021,0,0,1,4,1,5,"DBMN02B_N706_S510_S652_L004_R1_001","DBMN02B_N706_S510","DBMN02B_N706_S510_S652_L004_R1_001",21,"x1","male","41829","old","DBMN02B_N706_S510_S652_L004_R1_001.sorted.bam",33,"DBMN02B_N706_S510_S652_L004_R1_001",8.84006378182614e-05,0.000147037195759254,0.000153842369183339,0.000158980009717599,0.000213217281292857,21921,0.576701950048018,"M",0.323653644179318,0.635434698681146,0,0.5,0.393468427017445,0.269627065743668,1,0,1,0.786936854034891,0.539254131487335,0
"129","M.21.x1.DBMN02B_N706_S511_S676_L004_R1_001","DBMN02B_N706_S511",0.297158870709141,0.33055423857853,9,153804,21,"M",0.5,122076,4,0,5,0,0,10348037,0,42594702,0,0,3,6,9,5,"DBMN02B_N706_S511_S676_L004_R1_001","DBMN02B_N706_S511","DBMN02B_N706_S511_S676_L004_R1_001",21,"x1","male","41829","old","DBMN02B_N706_S511_S676_L004_R1_001.sorted.bam",34,"DBMN02B_N706_S511_S676_L004_R1_001",0.000450533865659566,0.000782331539734785,0.000762681911140069,0.000819781360390931,0.00128123617066916,112212,0.57155132045272,"M",0.297158870709141,0.33055423857853,0.303726702805419,0.421049317811203,0.135348727892356,0.29652344216924,0,0,0.842098635622407,0.0280946505166495,0.28441387680793,0
"130","M.21.x1.DBMN02B_N706_S512_S700_L004_R1_001","DBMN02B_N706_S512",0.38941544364606,0.654596759419464,1,116084,21,"M",0.5,116084,0,0,1,0,0,0,0,51727973,0,0,1,4,1,3,"DBMN02B_N706_S512_S700_L004_R1_001","DBMN02B_N706_S512","DBMN02B_N706_S512_S700_L004_R1_001",21,"x1","male","41829","old","DBMN02B_N706_S512_S700_L004_R1_001.sorted.bam",35,"DBMN02B_N706_S512_S700_L004_R1_001",8.22729687340191e-05,0.000133115016690161,0.000123544195358284,0.000147407306553442,0.000143647896460142,19094,0.610837312272436,"M",0.38941544364606,0.654596759419464,0,0.5,0.682031704370908,0.368628185907046,NA,0,1,0.635936591258183,0.737256371814093,NA
"165","M.27.A1.DBMN02B_N707_S501_S437_L004_R1_001","DBMN02B_N707_S501",0.144206867011878,0.0441292326049212,1,136890,27,"M",0.75,136879,1,0,0,0,0,55183021,0,0,0,0,6,4,1,1,"DBMN02B_N707_S501_S437_L004_R1_001","DBMN02B_N707_S501","DBMN02B_N707_S501_S437_L004_R1_001",27,"A1","male","7-9-2014","old","DBMN02B_N707_S501_S437_L004_R1_001.sorted.bam",36,"DBMN02B_N707_S501_S437_L004_R1_001",0.000379254656164923,0.000682851242022908,0.000621591907656231,0.000670146308478388,0.00118525618603884,93574,0.576202796887414,"M",0.144206867011878,0.0441292326049212,0.561257216164208,0,0,0.105374183827222,0,0,0,0,0.210748367654445,0
"166","F.27.A1.DBMN02B_N707_S502_S461_L004_R1_001","DBMN02B_N707_S502",0.649840160150218,0.553286415940533,4,158617,27,"F",0.5,134852,2,0,2,0,0,7026669,0,47834037,0,0,8,4,4,2,"DBMN02B_N707_S502_S461_L004_R1_001","DBMN02B_N707_S502","DBMN02B_N707_S502_S461_L004_R1_001",27,"A1","female","7-9-2014","old","DBMN02B_N707_S502_S461_L004_R1_001.sorted.bam",37,"DBMN02B_N707_S502_S461_L004_R1_001",0.000471229767615659,0.000449464894719216,0.000448684299540589,0.000477576527826825,0.000710509550652632,72308,1.02759531216932,"F",0.649840160150218,0.553286415940533,0.650637639251886,0.440865578081695,0.851854495377407,0.779778557433818,0,0.426708558082634,0.88173115616339,0.296291009245186,0.440442885132364,0
"167","F.27.A1.DBMN02B_N707_S503_S485_L004_R1_001","DBMN02B_N707_S503",0.232278301788182,0.360431945904135,5,158998,27,"F",1,149528,3,0,2,0,0,52189316,0,2728646,0,0,10,2,5,4,"DBMN02B_N707_S503_S485_L004_R1_001","DBMN02B_N707_S503","DBMN02B_N707_S503_S485_L004_R1_001",27,"A1","female","7-9-2014","old","DBMN02B_N707_S503_S485_L004_R1_001.sorted.bam",38,"DBMN02B_N707_S503_S485_L004_R1_001",0.00148665061758043,0.00137462533517646,0.00140715572320746,0.00145682973781983,0.00224425682182572,224568,1.05222018892034,"F",0.232278301788182,0.360431945904135,0.350120049580043,0.0227638407324314,0.296392206898288,0.381103633916554,0,0.225779888878295,0.0455276814648628,0.592784413796577,0.762207267833109,0
"119","M.18.x1.DBMN02B_N707_S509_S629_L004_R1_001","DBMN02B_N707_S509",0.348770813935209,0.697536790935584,1,140659,18,"M",0.5,140659,0,0,1,0,0,0,0,54422171,0,0,3,2,1,3,"DBMN02B_N707_S509_S629_L004_R1_001","DBMN02B_N707_S509","DBMN02B_N707_S509_S629_L004_R1_001",18,"x1","male","41829","old","DBMN02B_N707_S509_S629_L004_R1_001.sorted.bam",39,"DBMN02B_N707_S509_S629_L004_R1_001",4.86308639577864e-05,8.05587907043382e-05,7.29507671859382e-05,8.286055465536e-05,0.000106930721131765,11228,0.617220977314513,"M",0.348770813935209,0.697536790935584,0.0106981850458994,0.5,0.415444610215543,0.358104175760221,1,0.0213963700917988,1,0.830889220431086,0.716208351520442,0
"131","M.21.x1.DBMN02B_N707_S510_S653_L004_R1_001","DBMN02B_N707_S510",0.222507466845992,0.445014933691984,1,72899,21,"M",0.5,72899,0,0,1,0,0,0,0,54263001,0,0,1,4,1,4,"DBMN02B_N707_S510_S653_L004_R1_001","DBMN02B_N707_S510","DBMN02B_N707_S510_S653_L004_R1_001",21,"x1","male","41829","old","DBMN02B_N707_S510_S653_L004_R1_001.sorted.bam",40,"DBMN02B_N707_S510_S653_L004_R1_001",3.30713904987787e-05,4.92338877988807e-05,4.52935088107089e-05,5.34080251025819e-05,6.11952922139619e-05,7102,0.670658658677236,"M",0.222507466845992,0.445014933691984,0,0.5,3.42733367149692e-05,0.15233102415278,NA,0,1,6.85466734299384e-05,0.304662048305561,NA
"132","M.21.x1.DBMN02B_N707_S511_S677_L004_R1_001","DBMN02B_N707_S511",0.333032556400444,0.379455854467205,7,154237,21,"M",0.5,123531,2,0,4,0,1,6890283,0,44974179,0,2085293,3,6,7,5,"DBMN02B_N707_S511_S677_L004_R1_001","DBMN02B_N707_S511","DBMN02B_N707_S511_S677_L004_R1_001",21,"x1","male","41829","old","DBMN02B_N707_S511_S677_L004_R1_001.sorted.bam",41,"DBMN02B_N707_S511_S677_L004_R1_001",0.000478348677287059,0.000821661695604971,0.000754198422469053,0.000830775428396879,0.00150733667137548,114643,0.596287225112058,"M",0.333032556400444,0.379455854467205,0.586745051598714,0.456013721968964,0.0597206722802746,0.15538442035875,0.5,0,0.845812036653313,0.119441344560549,0.3107688407175,1
"133","M.21.x1.DBMN02B_N707_S512_S701_L004_R1_001","DBMN02B_N707_S512",0.430390370384884,0.860780740769768,2,0,21,"M",NA,1,1,0,1,0,0,4865608,0,15850888,0,0,2,1,2,1,"DBMN02B_N707_S512_S701_L004_R1_001","DBMN02B_N707_S512","DBMN02B_N707_S512_S701_L004_R1_001",21,"x1","male","41829","old","DBMN02B_N707_S512_S701_L004_R1_001.sorted.bam",42,"DBMN02B_N707_S512_S701_L004_R1_001",4.96521421384934e-05,7.93880620098918e-05,5.95833937789438e-05,8.89940873323629e-05,3.92938192110703e-05,10593,0.653416408357324,"M",0.430390370384884,0.860780740769768,0.000125533517449159,0.000747831289261143,0.5,0.5,NA,0.000251067034898318,0.00149566257852229,1,1,NA
"168","F.27.A1.DBMN02B_N708_S501_S438_L004_R1_001","DBMN02B_N708_S501",0.396448217213429,0.792896434426858,4,26777,27,"F",0.75,12253,2,0,2,0,0,19810541,0,23173802,0,0,1,1,4,2,"DBMN02B_N708_S501_S438_L004_R1_001","DBMN02B_N708_S501","DBMN02B_N708_S501_S438_L004_R1_001",27,"A1","female","7-9-2014","old","DBMN02B_N708_S501_S438_L004_R1_001.sorted.bam",43,"DBMN02B_N708_S501_S438_L004_R1_001",0.000130903832691805,0.000108308224894324,0.000121753437621758,0.000125708488120649,7.47226725981009e-05,18973,1.10383487027388,"F",0.396448217213429,0.792896434426858,0.5,0.302639888322005,0.382056795084182,0.5,NA,1,0.60527977664401,0.764113590168364,1,NA
"169","M.27.A1.DBMN02B_N708_S502_S462_L004_R1_001","DBMN02B_N708_S502",0.379243020741874,0.147426855864276,1,156819,27,"M",0.75,156819,1,0,0,0,0,55183021,0,0,0,0,4,4,1,5,"DBMN02B_N708_S502_S462_L004_R1_001","DBMN02B_N708_S502","DBMN02B_N708_S502_S462_L004_R1_001",27,"A1","male","7-9-2014","old","DBMN02B_N708_S502_S462_L004_R1_001.sorted.bam",44,"DBMN02B_N708_S502_S462_L004_R1_001",0.000789568184060761,0.0014149363718447,0.00133628512914981,0.00141059678867903,0.00272351258400664,197863,0.569151363013519,"M",0.379243020741874,0.147426855864276,0.392113330316201,0,0.574938894815089,0.769463992284061,0,0,0,0.222154094257373,0.461072015431878,0
"170","M.27.A1.DBMN02B_N708_S503_S486_L004_R1_001","DBMN02B_N708_S503",0.379565274282064,0.475542829873539,4,87080,27,"M",0.25,55808,2,0,2,0,0,9202076,0,45642609,0,0,5,4,4,2,"DBMN02B_N708_S503_S486_L004_R1_001","DBMN02B_N708_S503","DBMN02B_N708_S503_S486_L004_R1_001",27,"A1","male","7-9-2014","old","DBMN02B_N708_S503_S486_L004_R1_001.sorted.bam",45,"DBMN02B_N708_S503_S486_L004_R1_001",0.000379164543384273,0.000640135465333648,0.000591926830000655,0.000624897039106536,0.00127221791707973,89152,0.612557102924032,"M",0.379565274282064,0.475542829873539,0.642233978577094,0.421929960021276,0.0965245314531195,0.349460174265891,0,0,0.843859920042553,0.193049062906239,0.698920348531783,0
"171","M.27.A1.DBMN02B_N708_S504_S510_L004_R1_001","DBMN02B_N708_S504",0.265740566418332,0.39303573164954,1,127608,27,"M",0.75,116816,1,0,0,0,0,55183021,0,0,0,0,2,1,1,2,"DBMN02B_N708_S504_S510_L004_R1_001","DBMN02B_N708_S504","DBMN02B_N708_S504_S510_L004_R1_001",27,"A1","male","7-9-2014","old","DBMN02B_N708_S504_S510_L004_R1_001.sorted.bam",46,"DBMN02B_N708_S504_S510_L004_R1_001",0.000105912554858033,0.000137196746462691,0.000140402641928404,0.000152181046608657,0.000202910705762084,21199,0.739302301125647,"M",0.265740566418332,0.39303573164954,0.363713447113817,0,0.368974955652622,0.5,0,0,0,0.737949911305243,1,0
"120","M.18.x1.DBMN02B_N708_S509_S630_L004_R1_001","DBMN02B_N708_S509",0,0,1,0,18,"M",NA,1,0,0,0,0,0,0,0,0,0,0,0,0,0,1,"DBMN02B_N708_S509_S630_L004_R1_001","DBMN02B_N708_S509","DBMN02B_N708_S509_S630_L004_R1_001",18,"x1","male","41829","old","DBMN02B_N708_S509_S630_L004_R1_001.sorted.bam",47,"DBMN02B_N708_S509_S630_L004_R1_001",5.22654127773615e-06,8.10017691292639e-06,6.13198861295141e-06,9.63427538416022e-06,3.8649658240397e-06,1108,0.65697369340955,"M",0,0,NA,NA,0,NA,NA,NA,NA,0,NA,NA
"134","M.21.x1.DBMN02B_N708_S510_S654_L004_R1_001","DBMN02B_N708_S510",0.577138345763623,0.845723308472754,1,70583,21,"M",0.5,70583,0,0,1,0,0,0,0,48033593,0,0,0,2,1,2,"DBMN02B_N708_S510_S654_L004_R1_001","DBMN02B_N708_S510","DBMN02B_N708_S510_S654_L004_R1_001",21,"x1","male","41829","old","DBMN02B_N708_S510_S654_L004_R1_001.sorted.bam",48,"DBMN02B_N708_S510_S654_L004_R1_001",1.67009020139155e-05,2.67369120758703e-05,2.38767698203418e-05,3.18827972172509e-05,2.83430827096245e-05,3867,0.607331447113481,"M",0.577138345763623,0.845723308472754,NA,0.5,0.578579069352826,0.708047768920787,NA,NA,1,0.842841861294348,0.583904462158426,NA
"135","M.21.x1.DBMN02B_N708_S511_S678_L004_R1_001","DBMN02B_N708_S511",0.433644378073149,0.460638239199698,3,89828,21,"M",0,78613,0,0,2,0,1,0,0,25610423,0,27005621,1,4,3,5,"DBMN02B_N708_S511_S678_L004_R1_001","DBMN02B_N708_S511","DBMN02B_N708_S511_S678_L004_R1_001",21,"x1","male","41829","old","DBMN02B_N708_S511_S678_L004_R1_001.sorted.bam",49,"DBMN02B_N708_S511_S678_L004_R1_001",0.000219484696071368,0.000331759198953255,0.000367611812923338,0.000391880660896247,0.000311773909805869,52144,0.603393428521389,"M",0.433644378073149,0.460638239199698,0,0.776130388344197,0.327041344734985,0.473177385068744,1,0,0.447739223311606,0.65408268946997,0.733470791632074,0
"136","M.21.x1.DBMN02B_N708_S512_S702_L004_R1_001","DBMN02B_N708_S512",0.3888659315148,0.511419616947185,7,115436,21,"M",0.5,82441,2,0,4,0,1,8215951,0,32304068,0,2778713,1,5,7,3,"DBMN02B_N708_S512_S702_L004_R1_001","DBMN02B_N708_S512","DBMN02B_N708_S512_S702_L004_R1_001",21,"x1","male","41829","old","DBMN02B_N708_S512_S702_L004_R1_001.sorted.bam",50,"DBMN02B_N708_S512_S702_L004_R1_001",0.000114593419394043,0.000184247383453009,0.000181535804482538,0.000205328685890045,0.000289872436802978,27221,0.601949064513956,"M",0.3888659315148,0.511419616947185,0,0.493288969095421,0.431466656488841,0.718670208384812,0,0,0.821697120084217,0.746371764167056,0.562659583230376,0
"172","M.27.A1.DBMN02B_N709_S501_S439_L004_R1_001","DBMN02B_N709_S501",0.415772324651137,0.602030764567705,5,150777,27,"M",0.5,117029,2,0,2,0,1,8434704,0,44076275,0,1212503,4,5,5,6,"DBMN02B_N709_S501_S439_L004_R1_001","DBMN02B_N709_S501","DBMN02B_N709_S501_S439_L004_R1_001",27,"A1","male","7-9-2014","old","DBMN02B_N709_S501_S439_L004_R1_001.sorted.bam",51,"DBMN02B_N709_S501_S439_L004_R1_001",0.000186623568727441,0.000331031448683734,0.000314124230833375,0.000335376937697253,0.000573947424869896,46524,0.570986315348574,"M",0.415772324651137,0.602030764567705,0.401926421163602,0.440399515163038,0.462599150205262,0.354944596411517,0,0,0.836201159806065,0.760108155693894,0.709889192823033,0
"173","NA.27.A1.DBMN02B_N709_S502_S463_L004_R1_001","DBMN02B_N709_S502",0.0851577884790415,0.170315576958083,1,92047,27,NA,1,92047,1,0,0,0,0,54135885,0,0,0,0,0,2,1,3,"DBMN02B_N709_S502_S463_L004_R1_001","DBMN02B_N709_S502","DBMN02B_N709_S502_S463_L004_R1_001",27,"A1","female","7-9-2014","old","DBMN02B_N709_S502_S463_L004_R1_001.sorted.bam",52,"DBMN02B_N709_S502_S463_L004_R1_001",8.05007507145568e-06,1.13275911516705e-05,9.42408869424096e-06,8.93991319431084e-06,1.67481852375054e-05,1482,0.813369130502748,NA,0.0851577884790415,0.170315576958083,NA,0,0.21865262881695,0.145567333172729,0,NA,0,0.437305257633901,0.291134666345459,0
"174","F.27.A1.DBMN02B_N709_S503_S487_L004_R1_001","DBMN02B_N709_S503",0.347009498098031,0.414291786184934,14,139044,27,"F",0.5,89384,5,0,7,0,2,14193652,0,32338586,0,1467388,8,4,14,5,"DBMN02B_N709_S503_S487_L004_R1_001","DBMN02B_N709_S503","DBMN02B_N709_S503_S487_L004_R1_001",27,"A1","female","7-9-2014","old","DBMN02B_N709_S503_S487_L004_R1_001.sorted.bam",53,"DBMN02B_N709_S503_S487_L004_R1_001",0.000231950297394704,0.000234936771790931,0.000249819748476318,0.000251185522178015,0.000291160758744324,38092,0.945524038648555,"F",0.347009498098031,0.414291786184934,0.662082953147935,0.369042023126821,0.103348854955213,0.297025121798536,0,0.413089617963264,0.70881032101301,0.206697709910425,0.276421436542282,0
"175","M.27.A1.DBMN02B_N709_S504_S511_L004_R1_001","DBMN02B_N709_S504",0.49995449098163,0.999908981963259,2,0,27,"M",NA,1,1,0,1,0,0,1234190,0,19810403,0,0,1,0,2,1,"DBMN02B_N709_S504_S511_L004_R1_001","DBMN02B_N709_S504","DBMN02B_N709_S504_S511_L004_R1_001",27,"A1","male","7-9-2014","old","DBMN02B_N709_S504_S511_L004_R1_001.sorted.bam",54,"DBMN02B_N709_S504_S511_L004_R1_001",1.39975185943968e-05,2.11680404482334e-05,1.85044966107649e-05,2.05994116321984e-05,2.06131510615451e-05,2902,0.69671807026415,"M",0.49995449098163,0.999908981963259,0,0.499943217307365,0.5,NA,NA,0,0.999886434614729,1,NA,NA
"121","M.18.x1.DBMN02B_N709_S509_S631_L004_R1_001","DBMN02B_N709_S509",NA,NA,1,0,18,"M",NA,1,0,0,0,0,0,0,0,0,0,0,0,0,0,0,"DBMN02B_N709_S509_S631_L004_R1_001","DBMN02B_N709_S509","DBMN02B_N709_S509_S631_L004_R1_001",18,"x1","male","41829","old","DBMN02B_N709_S509_S631_L004_R1_001.sorted.bam",55,"DBMN02B_N709_S509_S631_L004_R1_001",2.76345860661911e-06,4.49306688138886e-06,3.83475394084277e-06,5.29451169760156e-06,2.57664388269313e-06,633,0.608587098265816,"M",NA,NA,NA,NA,NA,NA,NA,NA,NA,NA,NA,NA
"137","M.21.x1.DBMN02B_N709_S510_S655_L004_R1_001","DBMN02B_N709_S510",0.499857620844308,0.999715241688617,1,0,21,"M",NA,1,0,0,0,0,0,0,0,0,0,0,0,1,0,2,"DBMN02B_N709_S510_S655_L004_R1_001","DBMN02B_N709_S510","DBMN02B_N709_S510_S655_L004_R1_001",21,"x1","male","41829","old","DBMN02B_N709_S510_S655_L004_R1_001.sorted.bam",56,"DBMN02B_N709_S510_S655_L004_R1_001",1.43279321234491e-05,2.25602583551426e-05,2.06389351250076e-05,2.80638051730793e-05,9.66241456009925e-06,3316,0.603171311657952,"M",0.499857620844308,0.999715241688617,NA,NA,0.499792502420805,0.5,NA,NA,NA,0.99958500484161,1,NA
"138","M.21.x1.DBMN02B_N709_S511_S679_L004_R1_001","DBMN02B_N709_S511",0.473414683716853,0.567691963433386,6,151803,21,"M",0.5,138635,2,0,3,0,1,2414771,0,49583857,0,1355381,3,4,6,4,"DBMN02B_N709_S511_S679_L004_R1_001","DBMN02B_N709_S511","DBMN02B_N709_S511_S679_L004_R1_001",21,"x1","male","41829","old","DBMN02B_N709_S511_S679_L004_R1_001.sorted.bam",57,"DBMN02B_N709_S511_S679_L004_R1_001",0.000187795034875899,0.000311223984826344,0.000303705276729953,0.000330198153031293,0.000483120728004963,45041,0.596094342341696,"M",0.473414683716853,0.567691963433386,0.373142343992112,0.488889286267778,0.521547756298541,0.525740909640341,0,0,0.930116948606988,0.617073759283589,0.565278067756008,0
"139","M.21.x1.DBMN02B_N709_S512_S703_L004_R1_001","DBMN02B_N709_S512",0.362758791652561,0.434684678681192,2,136090,21,"M",0.5,122118,1,0,1,0,0,3902060,0,46873465,0,0,1,4,2,2,"DBMN02B_N709_S512_S703_L004_R1_001","DBMN02B_N709_S512","DBMN02B_N709_S512_S703_L004_R1_001",21,"x1","male","41829","old","DBMN02B_N709_S512_S703_L004_R1_001.sorted.bam",58,"DBMN02B_N709_S512_S703_L004_R1_001",4.68586459383241e-05,7.7299735149528e-05,7.29507671859382e-05,7.90704943690988e-05,0.000115304813750518,10948,0.613009448917043,"M",0.362758791652561,0.434684678681192,0,0.435159247788078,0.634063033690421,0.533096075357652,NA,0,0.870318495576157,0.731873932619159,0.208250363654338,NA
"176","F.27.A1.DBMN02B_N710_S501_S440_L004_R1_001","DBMN02B_N710_S501",0.296423797830344,0.507817599701595,4,156881,27,"F",0.5,137001,1,0,2,0,1,4298811,0,48725626,0,1415728,5,7,4,7,"DBMN02B_N710_S501_S440_L004_R1_001","DBMN02B_N710_S501","DBMN02B_N710_S501_S440_L004_R1_001",27,"A1","female","7-9-2014","old","DBMN02B_N710_S501_S440_L004_R1_001.sorted.bam",59,"DBMN02B_N710_S501_S440_L004_R1_001",0.000450774166407968,0.000426176886094553,0.000438554760828929,0.000461114357575813,0.000693117204444453,69735,1.01996950975812,"F",0.296423797830344,0.507817599701595,0.376483298193033,0.470897177008712,0.0386436898825522,0.220546029877106,0,0.752966596386067,0.898730788703379,0.0772873797651044,0.106593568327324,0
"177","M.27.A1.DBMN02B_N710_S502_S464_L004_R1_001","DBMN02B_N710_S502",0.468516628434573,0.519144679001991,1,8601,27,"M",0.25,8601,0,0,1,0,0,0,0,45333309,0,0,1,3,1,4,"DBMN02B_N710_S502_S464_L004_R1_001","DBMN02B_N710_S502","DBMN02B_N710_S502_S464_L004_R1_001",27,"A1","male","7-9-2014","old","DBMN02B_N710_S502_S464_L004_R1_001.sorted.bam",60,"DBMN02B_N710_S502_S464_L004_R1_001",1.23454509491354e-05,1.92379201682002e-05,1.77809581313606e-05,1.94132095578724e-05,2.51222778562581e-05,2712,0.656299531943116,"M",0.468516628434573,0.519144679001991,1,0.5,0.0848564727773148,0.581745539712062,NA,0,1,0.16971294555463,0.53404973479369,NA
"178","M.27.A1.DBMN02B_N710_S503_S488_L004_R1_001","DBMN02B_N710_S503",0.26953317049188,0.289544330073903,2,138633,27,"M",0.75,122138,1,0,1,0,0,50956293,0,4153450,0,0,3,4,2,10,"DBMN02B_N710_S503_S488_L004_R1_001","DBMN02B_N710_S503","DBMN02B_N710_S503_S488_L004_R1_001",27,"A1","male","7-9-2014","old","DBMN02B_N710_S503_S488_L004_R1_001.sorted.bam",61,"DBMN02B_N710_S503_S488_L004_R1_001",0.000246668718234306,0.000387036578120764,0.000381865520967603,0.000405015678987564,0.000761398267335821,56736,0.630373070860039,"M",0.26953317049188,0.289544330073903,0.398955990028923,0.0362156076199313,0.408348738309672,0.379433280859339,0,0,0.0724312152398626,0.488630672142642,0.758866561718678,0
"179","M.27.A1.DBMN02B_N710_S504_S512_L004_R1_001","DBMN02B_N710_S504",0.195265022019697,0.32255989060224,1,134443,27,"M",0.75,134439,1,0,0,0,0,54059491,0,0,0,0,4,4,1,2,"DBMN02B_N710_S504_S512_L004_R1_001","DBMN02B_N710_S504","DBMN02B_N710_S504_S512_L004_R1_001",27,"A1","male","7-9-2014","old","DBMN02B_N710_S504_S512_L004_R1_001.sorted.bam",62,"DBMN02B_N710_S504_S512_L004_R1_001",0.000102217930851357,0.000146309445489733,0.000139335422671282,0.000146799739637324,0.000202266544791411,21118,0.709116929715706,"M",0.195265022019697,0.32255989060224,0.196019595835885,0,0.333503490521785,0.381625373751358,0,0,0,0.667006981043569,0.763250747502716,0
"180","NA.27.A1.DBMN02B_N711_S501_S441_L004_R1_001","DBMN02B_N711_S501",0.263872803237107,0.336432064149694,3,104555,27,NA,0.75,97294,2,0,1,0,0,50540850,0,2626114,0,0,5,2,3,4,"DBMN02B_N711_S501_S441_L004_R1_001","DBMN02B_N711_S501","DBMN02B_N711_S501_S441_L004_R1_001",27,"A1","male","7-9-2014","old","DBMN02B_N711_S501_S441_L004_R1_001.sorted.bam",63,"DBMN02B_N711_S501_S441_L004_R1_001",0.000248380861066668,0.000323532456776064,0.000319749742510744,0.00034694964086141,0.000477323279268903,48904,0.752493055654999,NA,0.263872803237107,0.336432064149694,0.460759591884238,0.0181625243365548,0.317877014581734,0.42737971815843,0,0.0195717112154246,0.0363250486731096,0.635754029163469,0.854759436316861,0
"181","F.27.A1.DBMN02B_N711_S502_S465_L004_R1_001","DBMN02B_N711_S502",0.709188845027378,0.581459314911499,2,53642,27,"F",0.5,48122,0,0,1,0,1,0,0,24609984,0,1818214,5,3,2,3,"DBMN02B_N711_S502_S465_L004_R1_001","DBMN02B_N711_S502","DBMN02B_N711_S502_S465_L004_R1_001",27,"A1","female","7-9-2014","old","DBMN02B_N711_S502_S465_L004_R1_001.sorted.bam",64,"DBMN02B_N711_S502_S465_L004_R1_001",3.05782702341115e-05,2.98061197342838e-05,2.95022814977102e-05,3.35608391760536e-05,4.18704630937634e-05,4816,0.987784656138796,"F",0.709188845027378,0.581459314911499,0.658261160154836,0.500044214249621,0.754099130843317,0.999808240649647,NA,0.683199197972653,0.999911571500758,0.491801738313366,1.66747261176235e-05,NA
"182","F.27.A1.DBMN02B_N711_S503_S489_L004_R1_001","DBMN02B_N711_S503",0.61080362236436,0.329106989712455,7,159179,27,"F",0,125838,2,0,3,0,2,2441150,0,7834931,0,44736905,17,4,7,6,"DBMN02B_N711_S503_S489_L004_R1_001","DBMN02B_N711_S503","DBMN02B_N711_S503_S489_L004_R1_001",27,"A1","female","7-9-2014","old","DBMN02B_N711_S503_S489_L004_R1_001.sorted.bam",65,"DBMN02B_N711_S503_S489_L004_R1_001",0.00260783383443549,0.00256936978851704,0.00264695699612871,0.00278505781172797,0.00389202058480798,416661,0.977768461080114,"F",0.61080362236436,0.329106989712455,0.305054786645273,0.899159711416042,0.496139173407461,0.600290723519266,0.5,0.360313360733806,0.12838025180365,0.507825999849741,0.399429221714469,1
"183","M.27.A1.DBMN02B_N711_S504_S513_L004_R1_001","DBMN02B_N711_S504",0.577798074670737,0.457819194353979,1,158749,27,"M",0.5,158749,0,0,1,0,0,0,0,55183021,0,0,5,5,1,3,"DBMN02B_N711_S504_S513_L004_R1_001","DBMN02B_N711_S504","DBMN02B_N711_S504_S513_L004_R1_001",27,"A1","male","7-9-2014","old","DBMN02B_N711_S504_S513_L004_R1_001.sorted.bam",66,"DBMN02B_N711_S504_S513_L004_R1_001",0.000502288639346574,0.000877413694513472,0.000830585997432162,0.000890606303755568,0.0016587144994837,123728,0.579874717649573,"M",0.577798074670737,0.457819194353979,0.560186255125012,0.5,0.52569682416602,0.793697738821821,0,0,1,0.430050776657745,0.120094282974395,0
"184","M.27.A1.DBMN02B_N712_S501_S442_L004_R1_001","DBMN02B_N712_S501",0.281462020245465,0.353789411381842,2,143700,27,"M",0.75,140142,1,0,1,0,0,52298073,0,2813324,0,0,4,6,2,5,"DBMN02B_N712_S501_S442_L004_R1_001","DBMN02B_N712_S501","DBMN02B_N712_S501_S442_L004_R1_001",27,"A1","male","7-9-2014","old","DBMN02B_N712_S501_S442_L004_R1_001.sorted.bam",67,"DBMN02B_N712_S501_S442_L004_R1_001",0.000729282733805494,0.00122673382388342,0.00116048336711655,0.00120121765668153,0.00217597575893435,172102,0.609694280176233,"M",0.281462020245465,0.353789411381842,0.33029473011155,0.0253956517812796,0.435278433503728,0.485395018818995,0,0,0.0507913035625593,0.870556867007455,0.66972212717679,0
"185","M.27.A1.DBMN02B_N712_S502_S466_L004_R1_001","DBMN02B_N712_S502",0.242459819094299,0.135324990104429,3,64766,27,"M",0.75,58278,2,0,1,0,0,50978468,0,1482215,0,0,2,5,3,4,"DBMN02B_N712_S502_S466_L004_R1_001","DBMN02B_N712_S502","DBMN02B_N712_S502_S466_L004_R1_001",27,"A1","male","7-9-2014","old","DBMN02B_N712_S502_S466_L004_R1_001.sorted.bam",68,"DBMN02B_N712_S502_S466_L004_R1_001",2.60125560144799e-05,4.8790909373955e-05,4.59085165182026e-05,4.63776079303569e-05,9.21150188062795e-05,6692,0.553156427584216,"M",0.242459819094299,0.135324990104429,0.666884176182708,0.0061840348623391,0.118263662876707,0.253599811702157,NA,0,0.0123680697246782,0.236527325753413,0.507199623404314,NA
"186","M.27.A1.DBMN02B_N712_S503_S490_L004_R1_001","DBMN02B_N712_S503",0.38807874100333,0.499232693399629,5,91781,27,"M",0.25,77841,2,0,3,0,0,4349329,0,50619004,0,0,2,4,5,6,"DBMN02B_N712_S503_S490_L004_R1_001","DBMN02B_N712_S503","DBMN02B_N712_S503_S490_L004_R1_001",27,"A1","male","7-9-2014","old","DBMN02B_N712_S503_S490_L004_R1_001.sorted.bam",69,"DBMN02B_N712_S503_S490_L004_R1_001",0.000552421382981871,0.00103087407743415,0.000963138246859029,0.0010307517390735,0.00219530058805455,143252,0.547898650680547,"M",0.38807874100333,0.499232693399629,0.296227941548263,0.46386107357601,0.489926655296697,0.274021900721564,0,0,0.92772214715202,0.357658346425601,0.548043801443127,0
"187","M.27.A1.DBMN02B_N712_S504_S514_L004_R1_001","DBMN02B_N712_S504",0.270963925257101,0.243083732205139,5,126777,27,"M",0.75,125454,3,0,2,0,0,47874519,0,5220553,0,0,3,5,5,7,"DBMN02B_N712_S504_S514_L004_R1_001","DBMN02B_N712_S504","DBMN02B_N712_S504_S514_L004_R1_001",27,"A1","male","7-9-2014","old","DBMN02B_N712_S504_S514_L004_R1_001.sorted.bam",70,"DBMN02B_N712_S504_S514_L004_R1_001",0.000116666013349007,0.000210667882368218,0.00019291344707117,0.000204316074363182,0.000399379801817436,28889,0.575751825649664,"M",0.270963925257101,0.243083732205139,0.471362896700131,0.041201863739171,0.178887146374158,0.538820281853843,0,0,0.082403727478342,0.357774292748316,0.651334205046249,0
"97","M.4.x1.DBMN02B_N713_S507_S587_L004_R1_001","DBMN02B_N713_S507",0.431479838218268,0.746208716714399,1,157636,4,"M",0.5,157636,0,0,1,0,0,0,0,55183021,0,0,3,2,1,1,"DBMN02B_N713_S507_S587_L004_R1_001","DBMN02B_N713_S507","DBMN02B_N713_S507_S587_L004_R1_001",4,"x1","male","41829","old","DBMN02B_N713_S507_S587_L004_R1_001.sorted.bam",71,"DBMN02B_N713_S507_S587_L004_R1_001",0.000653888373994473,0.00116696337783452,0.00109158441541528,0.00115197580471804,0.00210769469604298,162086,0.57518004659234,"M",0.431479838218268,0.746208716714399,0.258149600973894,0.5,0.5,0.432884118931995,0.5,0,1,1,0.86576823786399,1
"98","M.4.x1.DBMN02B_N713_S508_S611_L004_R1_001","DBMN02B_N713_S508",0.33232596636503,0.504799807319563,2,155748,4,"M",0.5,134910,0,0,1,0,1,0,0,48714870,0,5814030,3,4,2,5,"DBMN02B_N713_S508_S611_L004_R1_001","DBMN02B_N713_S508","DBMN02B_N713_S508_S611_L004_R1_001",4,"x1","male","41829","old","DBMN02B_N713_S508_S611_L004_R1_001.sorted.bam",72,"DBMN02B_N713_S508_S611_L004_R1_001",0.000556476458111149,0.000854125685888808,0.000846558109365012,0.000902323665709276,0.00132954824346966,125573,0.641346365452125,"M",0.33232596636503,0.504799807319563,0.200447679584444,0.552835860432707,0.19010412279076,0.277290439671892,0.5,0,0.894328279134586,0.380208245581521,0.554580879343784,1
"99","M.4.x1.DBMN02B_N714_S507_S588_L004_R1_001","DBMN02B_N714_S507",0.354875226011597,0.697904326953052,1,159800,4,"M",0.5,159800,0,0,1,0,0,0,0,55149864,0,0,1,1,1,5,"DBMN02B_N714_S507_S588_L004_R1_001","DBMN02B_N714_S507","DBMN02B_N714_S507_S588_L004_R1_001",4,"x1","male","41829","old","DBMN02B_N714_S507_S588_L004_R1_001.sorted.bam",73,"DBMN02B_N714_S507_S588_L004_R1_001",0.00035714698731197,0.00055663403223516,0.000559259067655551,0.000608000892486868,0.000854157447112774,82741,0.621523693842792,"M",0.354875226011597,0.697904326953052,0,0.5,0.361586287588286,0.5,1,0,1,0.723172575176572,1,0
"100","M.4.x1.DBMN02B_N715_S507_S589_L004_R1_001","DBMN02B_N715_S507",0.38371536737423,0.520686342832388,1,158026,4,"M",0.5,158026,0,0,1,0,0,0,0,55183021,0,0,2,5,1,4,"DBMN02B_N715_S507_S589_L004_R1_001","DBMN02B_N715_S507","DBMN02B_N715_S507_S589_L004_R1_001",4,"x1","male","41829","old","DBMN02B_N715_S507_S589_L004_R1_001.sorted.bam",74,"DBMN02B_N715_S507_S589_L004_R1_001",0.000794854800525598,0.00149774169598973,0.00132668015583572,0.00142804263869899,0.00252962013183398,200427,0.560748809752604,"M",0.38371536737423,0.520686342832388,0.550428571428571,0.5,0.155262058012204,0.280918160825257,0,0,1,0.310524116024409,0.561836321650514,0
"110","M.5.x1.DBMN02B_N715_S508_S613_L004_R1_001","DBMN02B_N715_S508",0.37994539000295,0.629510821461391,2,159569,5,"M",0.5,156361,0,0,1,0,1,0,0,54275654,0,860961,3,4,2,2,"DBMN02B_N715_S508_S613_L004_R1_001","DBMN02B_N715_S508","DBMN02B_N715_S508_S613_L004_R1_001",5,"x1","male","41829","old","DBMN02B_N715_S508_S613_L004_R1_001.sorted.bam",75,"DBMN02B_N715_S508_S613_L004_R1_001",0.00117182659958071,0.00205333156479471,0.00193949915942917,0.0020818135722001,0.00373291282505168,288880,0.578713687122653,"M",0.37994539000295,0.629510821461391,0.268541575529158,0.507818506625661,0.35602989241739,0.334788724917719,0,0,0.984362986748677,0.712059784834781,0.669577449835439,0
"101","M.4.x1.DBMN02B_N716_S507_S590_L004_R1_001","DBMN02B_N716_S507",0.356291159397956,0.221182513998048,10,31324,4,"M",0.75,31324,5,0,5,0,0,16489733,0,31896477,0,0,1,3,10,1,"DBMN02B_N716_S507_S590_L004_R1_001","DBMN02B_N716_S507","DBMN02B_N716_S507_S590_L004_R1_001",4,"x1","male","41829","old","DBMN02B_N716_S507_S590_L004_R1_001.sorted.bam",76,"DBMN02B_N716_S507_S590_L004_R1_001",0.000342218303317517,0.000482182015531583,0.000490649531346038,0.000535787224742532,0.000818728593725743,73547,0.680526405521253,"M",0.356291159397956,0.221182513998048,1,0.329073825888154,0,0.0739120681920144,NA,0,0.658147651776308,0,0.147786750411246,NA
"111","M.5.x1.DBMN02B_N716_S508_S614_L004_R1_001","DBMN02B_N716_S508",0.429299357043723,0.713356684951424,2,159597,5,"M",0.5,155595,0,0,1,0,1,0,0,54087570,0,1073995,3,1,2,2,"DBMN02B_N716_S508_S614_L004_R1_001","DBMN02B_N716_S508","DBMN02B_N716_S508_S614_L004_R1_001",5,"x1","male","41829","old","DBMN02B_N716_S508_S614_L004_R1_001.sorted.bam",77,"DBMN02B_N716_S508_S614_L004_R1_001",0.00103359359406265,0.00172748929194582,0.00170785831524789,0.00179848486698364,0.00285556558299467,250019,0.592449375765572,"M",0.429299357043723,0.713356684951424,0.26312504743993,0.509756469055154,0.391526472457273,0.5,1,0,0.980487061889692,0.783052944914546,1,0
"140","M.21.x1.DBMN02B_N716_S512_S710_L004_R1_001","DBMN02B_N716_S512",0.382998856642823,0.593305375429791,12,146197,21,"M",0.5,110908,5,0,6,0,1,9727665,0,38708436,0,1662146,3,4,12,4,"DBMN02B_N716_S512_S710_L004_R1_001","DBMN02B_N716_S512","DBMN02B_N716_S512_S710_L004_R1_001",21,"x1","male","41829","old","DBMN02B_N716_S512_S710_L004_R1_001.sorted.bam",78,"DBMN02B_N716_S512_S710_L004_R1_001",0.000291815221340268,0.000484681679500806,0.000457384849755426,0.00049273676897187,0.000905690324766637,68756,0.610150300812612,"M",0.382998856642823,0.593305375429791,0.291468478345318,0.466863496450782,0.30811078140455,0.463324392256903,0,0,0.861081447047902,0.6162215628091,0.872833508403361,0
"112","M.5.x1.DBMN02B_N716_S513_S734_L004_R1_001","DBMN02B_N716_S513",0.294570993742445,0.286701789427654,2,150447,5,"M",0.5,127996,0,0,1,0,1,0,0,48279885,0,6237780,2,1,2,1,"DBMN02B_N716_S513_S734_L004_R1_001","DBMN02B_N716_S513","DBMN02B_N716_S513_S734_L004_R1_001",5,"x1","male","41829","old","DBMN02B_N716_S513_S734_L004_R1_001.sorted.bam",79,"DBMN02B_N716_S513_S734_L004_R1_001",0.000302238266302191,0.000395358244246153,0.000389752090393109,0.000425586158861852,0.000537874410512192,59649,0.748919984301364,"M",0.294570993742445,0.286701789427654,0.510311487494214,0.557877936594875,0,0,0,0,0.88424412681025,0,0,0
"102","M.4.x1.DBMN02B_N716_S516_S806_L004_R1_001","DBMN02B_N716_S516",0.614159884590282,0.495535773062665,3,158911,4,"M",0.5,158254,0,0,2,0,1,0,0,54734891,0,208643,3,4,3,2,"DBMN02B_N716_S516_S806_L004_R1_001","DBMN02B_N716_S516","DBMN02B_N716_S516_S806_L004_R1_001",4,"x1","male","41829","old","DBMN02B_N716_S516_S806_L004_R1_001.sorted.bam",80,"DBMN02B_N716_S516_S806_L004_R1_001",0.00188290655169477,0.00327702782233578,0.00321171495622773,0.00343049639895089,0.00571628445375472,471255,0.569471060632273,"M",0.614159884590282,0.495535773062665,0.383650228433217,0.500127888867416,0.863123946772038,0.755886429689247,1,0,0.999744222265168,0.273752106455924,0.488227140621507,0
"113","M.5.x1.DBMN02B_N717_S508_S615_L004_R1_001","DBMN02B_N717_S508",0.189398349452594,0.37870310923599,1,159603,5,"M",0.5,159603,0,0,1,0,0,0,0,55183021,0,0,1,2,1,1,"DBMN02B_N717_S508_S615_L004_R1_001","DBMN02B_N717_S508","DBMN02B_N717_S508_S615_L004_R1_001",5,"x1","male","41829","old","DBMN02B_N717_S508_S615_L004_R1_001.sorted.bam",81,"DBMN02B_N717_S508_S615_L004_R1_001",0.000940627242024756,0.00153143969760015,0.0014750055441136,0.00156023184059157,0.00273059835468405,219426,0.617928895609529,"M",0.189398349452594,0.37870310923599,0,0.5,0,0.0950381780699504,0.5,0,1,0,0.190076356139901,1
"141","NA.21.x1.DBMN02B_N717_S512_S711_L004_R1_001","DBMN02B_N717_S512",0.377512092395073,0.642696662776333,8,138487,21,NA,0.5,95354,1,0,4,0,3,6053869,0,37744970,0,7105681,3,2,8,4,"DBMN02B_N717_S512_S711_L004_R1_001","DBMN02B_N717_S512","DBMN02B_N717_S512_S711_L004_R1_001",21,"x1","male","41829","old","DBMN02B_N717_S512_S711_L004_R1_001.sorted.bam",82,"DBMN02B_N717_S512_S711_L004_R1_001",0.000178603531249535,0.000229336258847228,0.000223464859364017,0.000243547538089672,0.000371680880078485,34543,0.769457352865291,NA,0.377512092395073,0.642696662776333,0.0589766895794277,0.50935038702943,0.466003021953604,0.434255651518144,0,0.117953379158855,0.746153429040086,0.809212020659892,0.868511303036288,0
"96","M.3.x1.DBMN02B_N717_S515_S783_L004_R1_001","DBMN02B_N717_S515",0.219350046040602,0.414107443136561,4,158874,3,"M",0.5,154811,0,0,2,0,2,0,0,53739112,0,1138654,1,3,4,2,"DBMN02B_N717_S515_S783_L004_R1_001","DBMN02B_N717_S515","DBMN02B_N717_S515_S783_L004_R1_001",3,"x1","male","41829","old","DBMN02B_N717_S515_S783_L004_R1_001.sorted.bam",83,"DBMN02B_N717_S515_S783_L004_R1_001",0.000818734687398013,0.00139471757087845,0.00132581190966043,0.00143738759650405,0.0024761547712681,198158,0.590729448587481,"M",0.219350046040602,0.414107443136561,0,0.50808263388377,0.142703889638526,0.058978265105486,1,0,0.983834732232461,0.285407779277052,0.117956530210972,0
"103","M.4.x1.DBMN02B_N717_S516_S807_L004_R1_001","DBMN02B_N717_S516",0.572151369673916,0.500878094420074,6,141004,4,"M",0,114919,0,0,3,0,3,0,0,10328351,0,42234847,2,1,6,3,"DBMN02B_N717_S516_S807_L004_R1_001","DBMN02B_N717_S516","DBMN02B_N717_S516_S807_L004_R1_001",4,"x1","male","41829","old","DBMN02B_N717_S516_S807_L004_R1_001.sorted.bam",84,"DBMN02B_N717_S516_S807_L004_R1_001",0.000566659202324669,0.000860675438314495,0.000805370681424922,0.000856785078758321,0.00147706110575384,122497,0.673837238094363,"M",0.572151369673916,0.500878094420074,0.21801168206524,0.916377788335768,0.500012724588996,0.5,0.5,0,0.167244423328465,0.999974550822008,1,1
"114","NA.5.x1.DBMN02B_N718_S508_S616_L004_R1_001","DBMN02B_N718_S508",0.180236403412078,0.360465269651764,1,146804,5,NA,0.5,146804,0,0,1,0,0,0,0,55183021,0,0,1,1,1,2,"DBMN02B_N718_S508_S616_L004_R1_001","DBMN02B_N718_S508","DBMN02B_N718_S508_S616_L004_R1_001",5,"x1","male","41829","old","DBMN02B_N718_S508_S616_L004_R1_001.sorted.bam",85,"DBMN02B_N718_S508_S616_L004_R1_001",0.000458884316666524,0.000605266735028785,0.00060536655725559,0.000619342141587741,0.00101390936783975,90854,0.752279470269532,NA,0.180236403412078,0.360465269651764,0,0.5,0.0600244641192917,0,0,0,1,0.120048928238583,0,0
"142","M.21.x1.DBMN02B_N718_S511_S688_L004_R1_001","DBMN02B_N718_S511",0.353351359593,0.618362466779765,3,149330,21,"M",0.5,148449,0,0,2,0,1,0,0,54574620,0,336821,4,6,3,4,"DBMN02B_N718_S511_S688_L004_R1_001","DBMN02B_N718_S511","DBMN02B_N718_S511_S688_L004_R1_001",21,"x1","male","41829","old","DBMN02B_N718_S511_S688_L004_R1_001.sorted.bam",86,"DBMN02B_N718_S511_S688_L004_R1_001",0.0006217181113022,0.000911238261388153,0.000902379103051053,0.000965423829711839,0.00158463598785628,135213,0.671150300985868,"M",0.353351359593,0.618362466779765,0.189151623309767,0.502493362990601,0.33940316789154,0.32739386010502,0,0,0.995013274018799,0.67880633578308,0.65478772021004,0
"143","M.21.x1.DBMN02B_N718_S512_S712_L004_R1_001","DBMN02B_N718_S512",0.303866981501603,0.58481622211354,6,141189,21,"M",0.5,124722,2,0,3,0,1,5143501,0,46645120,0,219914,2,6,6,7,"DBMN02B_N718_S512_S712_L004_R1_001","DBMN02B_N718_S512","DBMN02B_N718_S512_S712_L004_R1_001",21,"x1","male","41829","old","DBMN02B_N718_S512_S712_L004_R1_001.sorted.bam",87,"DBMN02B_N718_S512_S712_L004_R1_001",0.000189176764179208,0.000251516821409578,0.000255065402452,0.000267416238365745,0.000373613362990504,38171,0.733244728813096,"M",0.303866981501603,0.58481622211354,9.10056120127408e-05,0.464634322258018,0.392957143968266,0.269655716681464,0.5,0,0.921877468590937,0.760014000155557,0.487284206372694,1
"104","F.4.x1.DBMN02B_N718_S516_S808_L004_R1_001","DBMN02B_N718_S516",0.191506919596123,0.373820405499461,2,159631,4,"F",1,151924,1,0,1,0,0,53067424,0,2045318,0,0,3,2,2,6,"DBMN02B_N718_S516_S808_L004_R1_001","DBMN02B_N718_S516","DBMN02B_N718_S516_S808_L004_R1_001",4,"x1","male","41829","old","DBMN02B_N718_S516_S808_L004_R1_001.sorted.bam",88,"DBMN02B_N718_S516_S808_L004_R1_001",0.00117897554684565,0.00113835962811075,0.00113772808193929,0.0012365144013322,0.00191058143901696,183830,1.00692493154175,"F",0.191506919596123,0.373820405499461,0.107249343036184,0.0186270524199923,0.348691197335667,0.375274550092107,0.5,0.214498686072367,0.0372541048399846,0.667051816861083,0.750549100184214,1
"117","M.10.x1.DBMN02B_N719_S508_S617_L004_R1_001","DBMN02B_N719_S508",0.43533414711508,0.746782518430234,1,158665,10,"M",0.5,158665,0,0,1,0,0,0,0,55183021,0,0,5,6,1,3,"DBMN02B_N719_S508_S617_L004_R1_001","DBMN02B_N719_S508","DBMN02B_N719_S508_S617_L004_R1_001",10,"x1","male","41829","old","DBMN02B_N719_S508_S617_L004_R1_001.sorted.bam",89,"DBMN02B_N719_S508_S617_L004_R1_001",0.000755415440194175,0.00117208927103724,0.00113642571267636,0.00121559674036299,0.00194987525822803,170061,0.643068806559005,"M",0.43533414711508,0.746782518430234,0.189709344634219,0.5,0.516460160204178,0.503502090106828,0.5,0,1,0.967079679591643,0.90335346028797,1
"105","M.4.x1.DBMN02B_N719_S516_S809_L004_R1_001","DBMN02B_N719_S516",0.465652904086789,0.728357112332341,1,159408,4,"M",0.5,159408,0,0,1,0,0,0,0,55183021,0,0,2,2,1,1,"DBMN02B_N719_S516_S809_L004_R1_001","DBMN02B_N719_S516","DBMN02B_N719_S516_S809_L004_R1_001",4,"x1","male","41829","old","DBMN02B_N719_S516_S809_L004_R1_001.sorted.bam",90,"DBMN02B_N719_S516_S809_L004_R1_001",0.00145937648263684,0.00257066708247575,0.00246151408385739,0.00259564159268864,0.00444535485861633,362528,0.573968429291611,"M",0.465652904086789,0.728357112332341,0.42297855927016,0.5,0.5,0.402500865889291,1,0,1,1,0.805001731778581,0
"115","NA.5.x1.DBMN02B_N720_S512_S714_L004_R1_001","DBMN02B_N720_S512",0.717527505606976,0.524032259131597,3,123580,5,NA,0.5,113746,0,0,2,0,1,0,0,49761855,0,3225619,2,4,3,6,"DBMN02B_N720_S512_S714_L004_R1_001","DBMN02B_N720_S512","DBMN02B_N720_S512_S714_L004_R1_001",5,"x1","male","41829","old","DBMN02B_N720_S512_S714_L004_R1_001.sorted.bam",91,"DBMN02B_N720_S512_S714_L004_R1_001",0.000176681125262322,0.000189183428759324,0.000202138562683575,0.000214239667326446,0.000246069490797194,30823,0.875292165729497,NA,0.717527505606976,0.524032259131597,0.855574988209401,0.526906974691366,0.788328821647532,0.813716827487876,NA,0.288850023581198,0.946186050617268,0.225270433656819,0.372566345024249,NA
"106","M.4.x1.DBMN02B_N720_S515_S786_L004_R1_001","DBMN02B_N720_S515",0.320144235363333,0.633768087972704,3,158111,4,"M",0.5,156188,0,0,2,0,1,0,0,54473479,0,611683,1,4,3,2,"DBMN02B_N720_S515_S786_L004_R1_001","DBMN02B_N720_S515","DBMN02B_N720_S515_S786_L004_R1_001",4,"x1","male","41829","old","DBMN02B_N720_S515_S786_L004_R1_001.sorted.bam",92,"DBMN02B_N720_S515_S786_L004_R1_001",0.0017344908019632,0.00306724589681742,0.00287083789011838,0.00310426189675332,0.00596364226649326,429947,0.575456036288879,"M",0.320144235363333,0.633768087972704,0,0.504843519246765,0.440609259213158,0.25235621554173,0,0,0.99031296150647,0.881218518426315,0.504712431083461,0
"116","M.5.x1.DBMN02B_N721_S512_S715_L004_R1_001","DBMN02B_N721_S512",0.161388854960398,0.322773951687916,2,151352,5,"M",0.5,147164,1,0,1,0,0,1117375,0,53954918,0,0,1,1,2,1,"DBMN02B_N721_S512_S715_L004_R1_001","DBMN02B_N721_S512","DBMN02B_N721_S512_S715_L004_R1_001",5,"x1","male","41829","old","DBMN02B_N721_S512_S715_L004_R1_001.sorted.bam",93,"DBMN02B_N721_S512_S715_L004_R1_001",0.000240991613053317,0.000348529096468298,0.000346412135476792,0.000375678876466428,0.000565573332251143,52052,0.67528606410413,"M",0.161388854960398,0.322773951687916,0,0.489752684431722,0,0,0,0,0.979505368863443,0,0,0
"107","M.4.x1.DBMN02B_N721_S515_S787_L004_R1_001","DBMN02B_N721_S515",0.374584561538038,0.511786020009376,4,158453,4,"M",0.5,131279,1,0,2,0,1,5307109,0,47037336,0,2710520,2,6,4,4,"DBMN02B_N721_S515_S787_L004_R1_001","DBMN02B_N721_S515","DBMN02B_N721_S515_S787_L004_R1_001",4,"x1","male","41829","old","DBMN02B_N721_S515_S787_L004_R1_001.sorted.bam",94,"DBMN02B_N721_S515_S787_L004_R1_001",0.00122607449353238,0.00215341304751184,0.00220055184279824,0.00231702876401158,0.0031415730539736,315493,0.551375652743169,"M",0.374584561538038,0.511786020009376,0.433570889578268,0.472568770688278,0.190033057293687,0.332377793930583,1,0,0.864096564319142,0.380066114587374,0.664719244048701,0
"108","M.4.x1.DBMN02B_N724_S506_S574_L004_R1_001","DBMN02B_N724_S506",0.246611079260151,0.266073084485419,11,156568,4,"M",0.5,95994,5,0,5,0,1,12437333,0,35111306,0,6425291,3,5,11,1,"DBMN02B_N724_S506_S574_L004_R1_001","DBMN02B_N724_S506","DBMN02B_N724_S506_S574_L004_R1_001",4,"x1","male","41829","old","DBMN02B_N724_S506_S574_L004_R1_001.sorted.bam",95,"DBMN02B_N724_S506_S574_L004_R1_001",0.000896261716351099,0.00159605126500716,0.00151811034902411,0.00161638838269564,0.00271771513527058,224295,0.568387428716255,"M",0.246611079260151,0.266073084485419,0.325436965101699,0.469927514162149,0,0.0942813189158426,0.5,0,0.691807272948773,0,0.188562637831685,1
"109","M.4.x1.DBMN02B_N724_S507_S598_L004_R1_001","DBMN02B_N724_S507",0.364438559301451,0.617193253113178,23,152410,4,"M",0.5,126834,11,0,12,0,0,8831351,0,44169532,0,0,1,2,23,5,"DBMN02B_N724_S507_S598_L004_R1_001","DBMN02B_N724_S507","DBMN02B_N724_S507_S598_L004_R1_001",4,"x1","male","41829","old","DBMN02B_N724_S507_S598_L004_R1_001.sorted.bam",96,"DBMN02B_N724_S507_S598_L004_R1_001",0.00145667309921733,0.00232133351187473,0.00227140434839391,0.00239899243417172,0.00383275777550604,336300,0.625026869404116,"M",0.364438559301451,0.617193253113178,0,0.441123999204336,0.619934676011394,0.366679507623945,0.5,0,0.882247998408673,0.760130647977212,0.73335901524789,1
"229","F.NA.nasuta.DBMN03_N703_S505_S99_L008_R1_001","DBMN03_N703_S505",1,0,1,159848,NA,"F",0,159848,0,0,0,0,1,0,0,0,0,55183021,1,1,1,1,"DBMN03_N703_S505_S99_L008_R1_001","DBMN03_N703_S505","DBMN03_N703_S505_S99_L008_R1_001",NA,"nasuta","female","42709","old","DBMN03_N703_S505_S99_L008_R1_001.sorted.bam",97,"DBMN03_N703_S505_S99_L008_R1_001",0.0030440397679716,0.00308977451385649,0.00321439204860153,0.00337740662318532,0.00295669885539037,498022,0.943247458734981,"F",1,0,1,1,1,1,1,0,0,0,0,0
"230","F.NA.nasuta.DBMN03_N703_S513_S291_L008_R1_001","DBMN03_N703_S513",1,0,1,159848,NA,"F",0,159848,0,0,0,0,1,0,0,0,0,55183021,1,1,1,1,"DBMN03_N703_S513_S291_L008_R1_001","DBMN03_N703_S513","DBMN03_N703_S513_S291_L008_R1_001",NA,"nasuta","female","42709","old","DBMN03_N703_S513_S291_L008_R1_001.sorted.bam",98,"DBMN03_N703_S513_S291_L008_R1_001",0.00493472605639588,0.00508865137370141,0.00530297631171195,0.00565173211252116,0.00470559589076834,820929,0.922760466364009,"F",1,0,1,1,1,1,1,0,0,0,0,0
"231","M.NA.nasuta.DBMN03_N710_S504_S82_L008_R1_001","DBMN03_N710_S504",1,0,1,159848,NA,"M",0,159848,0,0,0,0,1,0,0,0,0,55183021,1,1,1,1,"DBMN03_N710_S504_S82_L008_R1_001","DBMN03_N710_S504","DBMN03_N710_S504_S82_L008_R1_001",NA,"nasuta","male","42709","old","DBMN03_N710_S504_S82_L008_R1_001.sorted.bam",99,"DBMN03_N710_S504_S82_L008_R1_001",0.000563625405376098,0.000998505011098508,0.000981208620382151,0.0010736286042967,0.00104676157734409,143300,0.553778805505505,"M",1,0,1,1,1,1,1,0,0,0,0,0
"232","M.NA.nasuta.DBMN03_N710_S512_S274_L008_R1_001","DBMN03_N710_S512",1,0,1,159848,NA,"M",0,159848,0,0,0,0,1,0,0,0,0,55183021,1,1,1,1,"DBMN03_N710_S512_S274_L008_R1_001","DBMN03_N710_S512","DBMN03_N710_S512_S274_L008_R1_001",NA,"nasuta","male","42709","old","DBMN03_N710_S512_S274_L008_R1_001.sorted.bam",100,"DBMN03_N710_S512_S274_L008_R1_001",0.0012500144555919,0.00250649849349366,0.00245905405302741,0.00267074843622402,0.00259210374598929,353113,0.491081136698154,"M",1,0,1,1,1,1,1,0,0,0,0,0
"233","NA.NA.nasuta.DBMN03_N714_S507_S158_L008_R1_001","DBMN03_N714_S507",1,0,1,159848,NA,NA,0,159848,0,0,0,0,1,0,0,0,0,55183021,1,1,1,1,"DBMN03_N714_S507_S158_L008_R1_001","DBMN03_N714_S507","DBMN03_N714_S507_S158_L008_R1_001",NA,"nasuta","female","42709","old","DBMN03_N714_S507_S158_L008_R1_001.sorted.bam",101,"DBMN03_N714_S507_S158_L008_R1_001",0.000827055100811421,0.00090041693129354,0.000917229730340826,0.000984981698059263,0.000801980408488238,141989,0.885299434672634,NA,1,0,1,1,1,1,1,0,0,0,0,0
"234","M.NA.nasuta.DBMN03_N723_S502_S47_L008_R1_001","DBMN03_N723_S502",1,0,1,159848,NA,"M",0,159848,0,0,0,0,1,0,0,0,0,55183021,1,1,1,1,"DBMN03_N723_S502_S47_L008_R1_001","DBMN03_N723_S502","DBMN03_N723_S502_S47_L008_R1_001",NA,"nasuta","male","42709","old","DBMN03_N723_S502_S47_L008_R1_001.sorted.bam",102,"DBMN03_N723_S502_S47_L008_R1_001",0.000780797206744101,0.00136987913776654,0.00134663172940529,0.00151223405421823,0.00180365071788519,198804,0.553921237571907,"M",1,0,1,1,1,1,1,0,0,0,0,0
"235","M.NA.nasuta.DBMN03_N723_S510_S239_L008_R1_001","DBMN03_N723_S510",0.920275687373961,0.159448625252078,4,88243,NA,"M",0,77379,0,0,2,0,2,0,0,18986280,0,28405616,3,1,4,3,"DBMN03_N723_S510_S239_L008_R1_001","DBMN03_N723_S510","DBMN03_N723_S510_S239_L008_R1_001",NA,"nasuta","male","42709","old","DBMN03_N723_S510_S239_L008_R1_001.sorted.bam",103,"DBMN03_N723_S510_S239_L008_R1_001",6.11265028746728e-05,0.000115743934169862,0.000101711421742259,0.00013684721491615,7.2790189686081e-05,16159,0.517578825903868,"M",0.920275687373961,0.159448625252078,0.99990465293669,0.85975168756027,0.88435040041474,1,NA,0.0001906941266209,0.28049662487946,0.231299199170521,0,NA
"236","F.NA.albomicans.DBZW32_N701_S517_TAAGGCGA-GCGTAAGA_L001_R1_001","DBZW32_N701_S517",0,0,1,159846,NA,"F",1,159846,1,0,0,0,0,55183021,0,0,0,0,1,1,1,1,"DBZW32_N701_S517_TAAGGCGA-GCGTAAGA_L001_R1_001","DBZW32_N701_S517","DBZW32_N701_S517_TAAGGCGA-GCGTAAGA_L001_R1_001",NA,"albomicans","female","42192","old","DBZW32_N701_S517_TAAGGCGA-GCGTAAGA_L001_R1_001.sorted.bam",104,"DBZW32_N701_S517_TAAGGCGA-GCGTAAGA_L001_R1_001",7.46434199722663e-05,7.82489746315116e-05,7.90104019509492e-05,8.52040270461017e-05,6.95693848327146e-05,12379,0.923563129798528,"F",0,0,0,0,0,0,NA,0,0,0,0,NA
"237","M.NA.albomicans.DBZW32_N705_S517_GGACTCCT-GCGTAAGA_L001_R1_001","DBZW32_N705_S517",0,0,1,159847,NA,"M",0.75,159847,1,0,0,0,0,55183021,0,0,0,0,1,1,1,1,"DBZW32_N705_S517_GGACTCCT-GCGTAAGA_L001_R1_001","DBZW32_N705_S517","DBZW32_N705_S517_GGACTCCT-GCGTAAGA_L001_R1_001",NA,"albomicans","male","42192","old","DBZW32_N705_S517_GGACTCCT-GCGTAAGA_L001_R1_001.sorted.bam",105,"DBZW32_N705_S517_GGACTCCT-GCGTAAGA_L001_R1_001",0.00020960232779335,0.000404945563014187,0.000370162286063238,0.000403771613397418,0.000559775883515083,55065,0.533393789098661,"M",0,0,0,0,0,0,0,0,0,0,0,0
"188","F.28.A1.DBZW33_100_N707_S504_S79_L008_R1_001","DBZW33_N707_S504",0.370283287118927,0.164528515007589,8,154106,28,"F",1,132827,3,0,2,0,3,47178898,0,1747766,0,4519793,10,7,8,9,"DBZW33_100_N707_S504_S79_L008_R1_001","DBZW33_N707_S504","DBZW33_100_N707_S504_S79_L008_R1_001",28,"A1","ND","7-9-2014","old","DBZW33_100_N707_S504_S79_L008_R1_001.sorted.bam",106,"DBZW33_100_N707_S504_S79_L008_R1_001",0.000374598829164641,0.000362229786324927,0.000351675877914458,0.000364424422639286,0.000724681092007444,57082,1.04216371329011,"F",0.370283287118927,0.164528515007589,0.362874048726586,0.093028818107572,0.635686419883846,0.549127086359525,0,0.26532285373113,0.0251312565628281,0.207311691291991,0.240542293602288,0
"189","F.28.A1.DBZW33_114_N708_S502_S32_L008_R1_001","DBZW33_N708_S502",0.490288895858846,0.666582094889534,4,65208,28,"F",0.25,34621,2,0,2,0,0,9105411,0,45358003,0,0,8,3,4,6,"DBZW33_114_N708_S502_S32_L008_R1_001","DBZW33_N708_S502","DBZW33_114_N708_S502_S32_L008_R1_001",28,"A1","ND","7-9-2014","old","DBZW33_114_N708_S502_S32_L008_R1_001.sorted.bam",107,"DBZW33_114_N708_S502_S32_L008_R1_001",0.000251324545234588,0.000252750832736156,0.000235529863508084,0.000245312375322206,0.000561708366427103,38727,1.02778183836142,"F",0.490288895858846,0.666582094889534,0.703602630522472,0.421707477346614,0.448811319773188,0.436290015243902,0.5,0.514108470817641,0.843414954693228,0.345402209159167,0.872580030487805,1
"190","F.28.A1.DBZW33_115_N708_S503_S56_L008_R1_001","DBZW33_N708_S503",0.291754490799361,0.39781305900821,6,157351,28,"F",1,144146,3,0,2,0,1,50370125,0,3637893,0,578299,8,4,6,2,"DBZW33_115_N708_S503_S56_L008_R1_001","DBZW33_N708_S503","DBZW33_115_N708_S503_S56_L008_R1_001",28,"A1","ND","7-9-2014","old","DBZW33_115_N708_S503_S56_L008_R1_001.sorted.bam",108,"DBZW33_115_N708_S503_S56_L008_R1_001",0.000514784278263461,0.000500660544114196,0.000487357431264749,0.000511744933918997,0.000925015153886835,79028,1.02973131634074,"F",0.291754490799361,0.39781305900821,0.557634596834697,0.0387228803028057,0.356016649848638,0.363266374284838,0,0.285055910828481,0.0566734691550853,0.712033299697275,0.726532748569675,0
"191","F.28.A1.DBZW33_116_N708_S504_S80_L008_R1_001","DBZW33_N708_S504",0.233771980529964,0.436716404820468,3,157176,28,"F",1,147499,2,0,1,0,0,51190100,0,3103261,0,0,6,1,3,6,"DBZW33_116_N708_S504_S80_L008_R1_001","DBZW33_N708_S504","DBZW33_116_N708_S504_S80_L008_R1_001",28,"A1","ND","7-9-2014","old","DBZW33_116_N708_S504_S80_L008_R1_001.sorted.bam",109,"DBZW33_116_N708_S504_S80_L008_R1_001",0.000187224320598445,0.000184215742136943,0.000175331462021646,0.000188258948722915,0.000377478328814544,28841,1.02531335006168,"F",0.233771980529964,0.436716404820468,0.232444851188774,0.0244871802409327,0.294609164420485,0.5,0,0.317451238345822,0.0489743604818654,0.58921832884097,1,0
"192","F.28.A1.DBZW33_130_N709_S502_S33_L008_R1_001","DBZW33_N709_S502",0.30469336791978,0.496374230516087,9,153422,28,"F",1,128264,4,0,4,0,1,45671296,0,6554369,0,1580201,7,3,9,4,"DBZW33_130_N709_S502_S33_L008_R1_001","DBZW33_N709_S502","DBZW33_130_N709_S502_S33_L008_R1_001",28,"A1","ND","7-9-2014","old","DBZW33_130_N709_S502_S33_L008_R1_001.sorted.bam",110,"DBZW33_130_N709_S502_S33_L008_R1_001",0.000461497587305392,0.000452787232906159,0.00044047213779935,0.000475435577741456,0.000867684827496913,71805,1.01154224576275,"F",0.30469336791978,0.496374230516087,0.530991369379907,0.0806468440271257,0.222574112375043,0.517078087899288,0,0.699354918744573,0.104584709905524,0.445148224750086,0.965843824201425,0
"193","F.28.A1.DBZW33_131_N709_S503_S57_L008_R1_001","DBZW33_N709_S503",0.386307848603062,0.324252552713998,3,159006,28,"F",1,140211,2,0,1,0,0,48640280,0,6234913,0,0,10,4,3,2,"DBZW33_131_N709_S503_S57_L008_R1_001","DBZW33_N709_S503","DBZW33_131_N709_S503_S57_L008_R1_001",28,"A1","ND","7-9-2014","old","DBZW33_131_N709_S503_S57_L008_R1_001.sorted.bam",111,"DBZW33_131_N709_S503_S57_L008_R1_001",0.000326358453923007,0.000324513337574113,0.000314178496219331,0.000338906612162321,0.000635786878054531,51191,1.00151075916637,"F",0.386307848603062,0.324252552713998,0.560872931815552,0.046584097270224,0.426913256735873,0.717724387217437,0,0.212768229838817,0.0931681945404481,0.853826513471746,0.247001276817667,0
"194","F.28.A1.DBZW33_132_N709_S504_S81_L008_R1_001","DBZW33_N709_S504",0.31466433437324,0.409603904618982,2,107421,28,"F",0.75,102174,1,0,1,0,0,44646732,0,9789869,0,0,7,4,2,3,"DBZW33_132_N709_S504_S81_L008_R1_001","DBZW33_N709_S504","DBZW33_132_N709_S504_S81_L008_R1_001",28,"A1","ND","7-9-2014","old","DBZW33_132_N709_S504_S81_L008_R1_001.sorted.bam",112,"DBZW33_132_N709_S504_S81_L008_R1_001",9.5279246741259e-05,9.72337642711828e-05,9.19979176562563e-05,9.78761370108529e-05,0.000225456339735649,15064,0.99557630050198,"F",0.31466433437324,0.409603904618982,0.569581215305102,0.0325571864033403,0.280976592478895,0.690287283999877,0,0.679945551608993,0.0651143728066805,0.56195318495779,0.619425432000246,0
"195","F.28.A1.DBZW33_146_N710_S502_S34_L008_R1_001","DBZW33_N710_S502",0.129779048820949,0.206741504422077,1,159848,28,"F",1,159848,1,0,0,0,0,55183021,0,0,0,0,4,7,1,5,"DBZW33_146_N710_S502_S34_L008_R1_001","DBZW33_N710_S502","DBZW33_146_N710_S502_S34_L008_R1_001",28,"A1","ND","7-9-2014","old","DBZW33_146_N710_S502_S34_L008_R1_001.sorted.bam",113,"DBZW33_146_N710_S502_S34_L008_R1_001",0.000110898795387367,0.000108972692531713,0.000105781325688908,0.00011022999763859,0.000220947212940936,17137,1.02373153732654,"F",0.129779048820949,0.206741504422077,0.276897875405824,0,0.134985099818033,0.210335082761405,0,0.454996694198565,0,0.269970199636066,0.256203223502376,0
"196","F.28.A1.DBZW33_147_N710_S503_S58_L008_R1_001","DBZW33_N710_S503",0.174962485817809,0.285449377203577,5,150926,28,"F",1,127306,3,0,2,0,0,45509207,0,6929744,0,0,6,6,5,3,"DBZW33_147_N710_S503_S58_L008_R1_001","DBZW33_N710_S503","DBZW33_147_N710_S503_S58_L008_R1_001",28,"A1","ND","7-9-2014","old","DBZW33_147_N710_S503_S58_L008_R1_001.sorted.bam",114,"DBZW33_147_N710_S503_S58_L008_R1_001",0.000168961463719919,0.000159757004817833,0.000157369619270434,0.000173503752188615,0.000331098738926068,25885,1.03312883928267,"F",0.174962485817809,0.285449377203577,0.356259531537168,0.0575444905541299,0.0615975094886776,0.313541686645314,0,0.563846635122981,0.11508898110826,0.123195018977355,0.469293618980034,0
"197","F.28.A1.DBZW33_148_N710_S504_S82_L008_R1_001","DBZW33_N710_S504",0.323098412221407,0.443373975140421,3,135597,28,"F",0.75,135597,2,0,1,0,0,52595476,0,2214790,0,0,10,2,3,9,"DBZW33_148_N710_S504_S82_L008_R1_001","DBZW33_N710_S504","DBZW33_148_N710_S504_S82_L008_R1_001",28,"A1","ND","7-9-2014","old","DBZW33_148_N710_S504_S82_L008_R1_001.sorted.bam",115,"DBZW33_148_N710_S504_S82_L008_R1_001",0.000345101912298337,0.000368589690854217,0.000332538285134215,0.000350508247084388,0.000796182959752178,54873,0.984471354428919,"F",0.323098412221407,0.443373975140421,0.693942484956812,0.0158950021571789,0.376262368662654,0.409359438862018,0,0.611778137545738,0.0317900043143577,0.570706555507127,0.818718877724036,0
"238","F.NA.albomicans.DBZW33_159_N710_S515_S346_L008_R1_001","DBZW33_N710_S515",0,0,1,159848,NA,"F",1,159848,1,0,0,0,0,55183021,0,0,0,0,1,1,1,1,"DBZW33_159_N710_S515_S346_L008_R1_001","DBZW33_N710_S515","DBZW33_159_N710_S515_S346_L008_R1_001",NA,"albomicans","female","42216","old","DBZW33_159_N710_S515_S346_L008_R1_001.sorted.bam",116,"DBZW33_159_N710_S515_S346_L008_R1_001",0.000140966426531125,0.00014396798810084,0.000145232261278427,0.000161410277382072,0.000144936218401489,23076,0.938502885480434,"F",0,0,0,0,0,0,0,0,0,0,0,0
"198","F.28.A1.DBZW33_162_N711_S502_S35_L008_R1_001","DBZW33_N711_S502",0.458734594241423,0.917469188482845,5,31293,28,"F",0.75,31293,2,0,3,0,0,9788129,0,38336195,0,0,1,1,5,7,"DBZW33_162_N711_S502_S35_L008_R1_001","DBZW33_N711_S502","DBZW33_162_N711_S502_S35_L008_R1_001",28,"A1","ND","7-9-2014","old","DBZW33_162_N711_S502_S35_L008_R1_001.sorted.bam",117,"DBZW33_162_N711_S502_S35_L008_R1_001",0.000209301951857848,0.000218514928752616,0.000209753805179305,0.000230759701093279,0.000340761153486167,33975,0.952775058256072,"F",0.458734594241423,0.917469188482845,0.5,0.416887157957261,0.430882238024537,0.5,0.5,1,0.833774315914521,0.861764476049074,1,1
"199","F.28.A1.DBZW33_163_N711_S503_S59_L008_R1_001","DBZW33_N711_S503",0.465709747670042,0.931415208388707,8,35064,28,"F",0.75,28506,4,0,4,0,0,10396701,0,42212197,0,0,1,1,8,7,"DBZW33_163_N711_S503_S59_L008_R1_001","DBZW33_N711_S503","DBZW33_163_N711_S503_S59_L008_R1_001",28,"A1","ND","7-9-2014","old","DBZW33_163_N711_S503_S59_L008_R1_001.sorted.bam",118,"DBZW33_163_N711_S503_S59_L008_R1_001",0.000359009318112083,0.000367767016636498,0.000369239774501998,0.000391620275075053,0.000642872648731937,58522,0.954281521840151,"F",0.465709747670042,0.931415208388707,0.5,0.407649769585253,0.475277238772207,0.5,0.5,1,0.815299539170507,0.950554477544413,1,1
"200","F.28.A1.DBZW33_164_N711_S504_S83_L008_R1_001","DBZW33_N711_S504",0.463553439351586,0.92709796211341,10,36940,28,"F",0.75,31842,5,0,5,0,0,9517770,0,38343281,0,0,1,1,10,5,"DBZW33_164_N711_S504_S83_L008_R1_001","DBZW33_N711_S504","DBZW33_164_N711_S504_S83_L008_R1_001",28,"A1","ND","7-9-2014","old","DBZW33_164_N711_S504_S83_L008_R1_001.sorted.bam",119,"DBZW33_164_N711_S504_S83_L008_R1_001",0.000372315972054825,0.000384916609944334,0.000395685105924225,0.000424110639208422,0.000601646346608847,62028,0.927149050524266,"F",0.463553439351586,0.92709796211341,0.5,0.411878263974647,0.452281078096128,0.5,0.5,1,0.823756527949294,0.904562156192256,1,1
"239","M.NA.albomicans.DBZW33_175_N711_S515_S347_L008_R1_001","DBZW33_N711_S515",0,0,1,156423,NA,"M",0.75,156423,1,0,0,0,0,55183021,0,0,0,0,1,1,1,1,"DBZW33_175_N711_S515_S347_L008_R1_001","DBZW33_N711_S515","DBZW33_175_N711_S515_S347_L008_R1_001",NA,"albomicans","male","42216","old","DBZW33_175_N711_S515_S347_L008_R1_001.sorted.bam",120,"DBZW33_175_N711_S515_S347_L008_R1_001",0.000349036837053414,0.000635515833187994,0.00058606616831748,0.000627703419623844,0.000811642823048337,87061,0.56622439088975,"M",0,0,0,0,0,0,0,0,0,0,0,0
"201","F.28.A1.DBZW33_178_N712_S502_S36_L008_R1_001","DBZW33_N712_S502",0.483686683142042,0.967373366284084,5,18584,28,"F",0.75,18584,2,0,3,0,0,5251149,0,47345036,0,0,1,1,5,5,"DBZW33_178_N712_S502_S36_L008_R1_001","DBZW33_N712_S502","DBZW33_178_N712_S502_S36_L008_R1_001",28,"A1","ND","7-9-2014","old","DBZW33_178_N712_S502_S36_L008_R1_001.sorted.bam",121,"DBZW33_178_N712_S502_S36_L008_R1_001",0.000207950260148088,0.000213167546337442,0.00021731478228908,0.000237558664202221,0.000301467334275097,34353,0.933851046778792,"F",0.483686683142042,0.967373366284084,0.5,0.461541384026636,0.478622791207566,0.5,0.5,1,0.923082768053272,0.957245582415132,1,1
"202","F.28.A1.DBZW33_179_N712_S503_S60_L008_R1_001","DBZW33_N712_S503",0.484255996489641,0.968511992979283,7,18362,28,"F",0.75,18362,3,0,4,0,0,7064113,0,40459128,0,0,1,1,7,1,"DBZW33_179_N712_S503_S60_L008_R1_001","DBZW33_N712_S503","DBZW33_179_N712_S503_S60_L008_R1_001",28,"A1","ND","7-9-2014","old","DBZW33_179_N712_S503_S60_L008_R1_001.sorted.bam",122,"DBZW33_179_N712_S503_S60_L008_R1_001",0.00019800781668297,0.000200004758853936,0.000201107520350424,0.00021678566202256,0.000351711889987613,32070,0.961361756391993,"F",0.484255996489641,0.968511992979283,0.5,0.437878185592509,0.5,0.5,0.5,1,0.875756371185018,1,1,1
"203","NA.28.A1.DBZW33_18_N702_S502_S26_L008_R1_001","DBZW33_N702_S502",0.208530186894764,0.401085336978919,3,148660,28,NA,1,140329,2,0,1,0,0,48667892,0,3322230,0,0,5,4,3,3,"DBZW33_18_N702_S502_S26_L008_R1_001","DBZW33_N702_S502","DBZW33_18_N702_S502_S26_L008_R1_001",28,"A1","ND","7-9-2014","old","DBZW33_18_N702_S502_S26_L008_R1_001.sorted.bam",123,"DBZW33_18_N702_S502_S26_L008_R1_001",7.24807132366513e-05,9.69173511105216e-05,7.77080326880214e-05,8.91098143640044e-05,0.000123034745398597,13043,0.824471444179166,NA,0.208530186894764,0.401085336978919,0.287172358585476,0.0222745252456552,0.409123356665543,0.249973389534636,0,0.49559178286691,0.0445490504913103,0.818246713331086,0.499946779069272,0
"204","NA.28.A1.DBZW33_180_N712_S504_S84_L008_R1_001","DBZW33_N712_S504",0.465855736443449,0.931711472886899,5,17223,28,NA,0.75,17223,2,0,3,0,0,4693757,0,49017796,0,0,1,3,5,7,"DBZW33_180_N712_S504_S84_L008_R1_001","DBZW33_N712_S504","DBZW33_180_N712_S504_S84_L008_R1_001",28,"A1","ND","7-9-2014","old","DBZW33_180_N712_S504_S84_L008_R1_001.sorted.bam",124,"DBZW33_180_N712_S504_S84_L008_R1_001",0.000368020596177146,0.000399281767438352,0.000399230444473306,0.000428768652231995,0.000570726620016529,62648,0.899599937380109,NA,0.465855736443449,0.931711472886899,0.5,0.463093377935254,0.433572144474554,0.46359019732537,0.5,1,0.926186755870508,0.867144288949107,0.927180394650741,1
"205","NA.28.A1.DBZW33_19_N702_S503_S50_L008_R1_001","DBZW33_N702_S503",0.493838312440579,0.16143463326837,2,151062,28,NA,1,133545,1,0,1,0,0,47833297,0,6416546,0,0,3,3,2,6,"DBZW33_19_N702_S503_S50_L008_R1_001","DBZW33_N702_S503","DBZW33_19_N702_S503_S50_L008_R1_001",28,"A1","ND","7-9-2014","old","DBZW33_19_N702_S503_S50_L008_R1_001.sorted.bam",125,"DBZW33_19_N702_S503_S50_L008_R1_001",6.31690592360869e-05,7.77110722583875e-05,6.75242285904059e-05,7.01305811747879e-05,0.000121746423457251,10905,0.879931286829874,NA,0.493838312440579,0.16143463326837,0.666874041339068,0.025613588423765,0.87010668548094,0.759346269519335,NA,0.319728839738708,0.05122717684753,0.259530070767323,0.0970749092932904,NA
"206","F.28.A1.DBZW33_2_N701_S502_S25_L008_R1_001","DBZW33_N701_S502",0.277738819092816,0.404252028558717,2,157372,28,"F",1,117703,1,0,1,0,0,42536870,0,11859551,0,0,4,5,2,4,"DBZW33_2_N701_S502_S25_L008_R1_001","DBZW33_N701_S502","DBZW33_2_N701_S502_S25_L008_R1_001",28,"A1","ND","7-9-2014","old","DBZW33_2_N701_S502_S25_L008_R1_001.sorted.bam",126,"DBZW33_2_N701_S502_S25_L008_R1_001",9.38674798443993e-05,9.89740366548193e-05,9.42589754043947e-05,9.96409742433868e-05,0.000148157023254855,15138,0.961514005010479,"F",0.277738819092816,0.404252028558717,0.358284651088348,0.0942006378258458,0.246969437466697,0.582511679032701,0,0.582766485275288,0.188401275651692,0.493938874933394,0.527969222313822,0
"207","F.28.A1.DBZW33_20_N702_S504_S74_L008_R1_001","DBZW33_N702_S504",0.565471657962409,0.343545132666221,6,135657,28,"F",0.5,80020,2,0,3,0,1,14820096,0,30065514,0,2804073,4,4,6,5,"DBZW33_20_N702_S504_S74_L008_R1_001","DBZW33_N702_S504","DBZW33_20_N702_S504_S74_L008_R1_001",28,"A1","ND","7-9-2014","old","DBZW33_20_N702_S504_S74_L008_R1_001.sorted.bam",127,"DBZW33_20_N702_S504_S74_L008_R1_001",6.29587960812355e-05,7.29332335324036e-05,6.30202015561142e-05,7.24451218076192e-05,0.000100489111425032,10545,0.906322918242854,"F",0.565471657962409,0.343545132666221,0.592257866865071,0.428649449365573,0.594914521159143,0.704166249874962,NA,0.148759245481203,0.748159564280584,0.152131849120171,0.104341302390717,NA
"208","F.28.A1.DBZW33_3_N701_S503_S49_L008_R1_001","DBZW33_N701_S503",0.237790443338824,0.359866125531385,3,156441,28,"F",1,145003,1,0,1,0,1,51056736,0,2413706,0,857706,8,4,3,8,"DBZW33_3_N701_S503_S49_L008_R1_001","DBZW33_N701_S503","DBZW33_3_N701_S503_S49_L008_R1_001",28,"A1","ND","7-9-2014","old","DBZW33_3_N701_S503_S49_L008_R1_001.sorted.bam",128,"DBZW33_3_N701_S503_S49_L008_R1_001",0.000130483306382103,0.00014086713912636,0.000134614334093169,0.000143790836814644,0.000232542110413055,21569,0.93364123930436,"F",0.237790443338824,0.359866125531385,0.403632655417236,0.0364608444107721,0.276750222699016,0.394290449419946,0,0.329055471109999,0.0411701907844893,0.553500445398033,0.788212610621866,0
"209","F.28.A1.DBZW33_34_N703_S502_S27_L008_R1_001","DBZW33_N703_S502",0.47555241091149,0.239169304024401,6,157390,28,"F",1,135298,3,0,3,0,0,47981767,0,6370378,0,0,5,4,6,5,"DBZW33_34_N703_S502_S27_L008_R1_001","DBZW33_N703_S502","DBZW33_34_N703_S502_S27_L008_R1_001",28,"A1","ND","7-9-2014","old","DBZW33_34_N703_S502_S27_L008_R1_001.sorted.bam",129,"DBZW33_34_N703_S502_S27_L008_R1_001",0.00063175066754797,0.000631370820783333,0.000609364107354298,0.000655940815344386,0.00115433645944652,99138,0.99924934937192,"F",0.47555241091149,0.239169304024401,0.61005615899963,0.0524165492654035,0.658063494237915,0.817428920192813,0,0.563267026153066,0.104833098530807,0.189463860682546,0.171206329689129,0
"210","F.28.A1.DBZW33_35_N703_S503_S51_L008_R1_001","DBZW33_N703_S503",0.421543217857991,0.695607871441612,12,150931,28,"F",0.5,91720,5,0,5,0,2,16527054,0,34403194,0,2114001,3,6,12,4,"DBZW33_35_N703_S503_S51_L008_R1_001","DBZW33_N703_S503","DBZW33_35_N703_S503_S51_L008_R1_001",28,"A1","ND","7-9-2014","old","DBZW33_35_N703_S503_S51_L008_R1_001.sorted.bam",130,"DBZW33_35_N703_S503_S51_L008_R1_001",0.00082990867219869,0.000796253718803877,0.000779829773101951,0.000815644119009745,0.00154340968573319,126494,1.04097389904822,"F",0.421543217857991,0.695607871441612,0.572517091570404,0.376275486921125,0.32728629898014,0.442523502156038,0,0.854965816859192,0.686119173222837,0.654572597960279,0.607913508494701,0
"211","F.28.A1.DBZW33_36_N703_S504_S75_L008_R1_001","DBZW33_N703_S504",0.104833728986934,0.188641846640804,5,152210,28,"F",1,124930,3,0,2,0,0,44871016,0,9367706,0,0,7,6,5,1,"DBZW33_36_N703_S504_S75_L008_R1_001","DBZW33_N703_S504","DBZW33_36_N703_S504_S75_L008_R1_001",28,"A1","ND","7-9-2014","old","DBZW33_36_N703_S504_S75_L008_R1_001.sorted.bam",131,"DBZW33_36_N703_S504_S75_L008_R1_001",0.000271990409597131,0.000259775204902835,0.000245605136833788,0.000263018611163365,0.000562352527397777,40807,1.06191090671306,"F",0.104833728986934,0.188641846640804,0.238253295048427,0.0795334985310436,0,0.125668373553625,0,0.476506590096854,0.159066997062087,0,0.149074414613216,0
"212","NA.28.A1.DBZW33_4_N701_S504_S73_L008_R1_001","DBZW33_N701_S504",0.129294936667537,0.0925788391224863,3,149186,28,NA,1,139411,2,0,1,0,0,48608724,0,3182505,0,0,5,1,3,3,"DBZW33_4_N701_S504_S73_L008_R1_001","DBZW33_N701_S504","DBZW33_4_N701_S504_S73_L008_R1_001",28,"A1","ND","7-9-2014","old","DBZW33_4_N701_S504_S73_L008_R1_001.sorted.bam",132,"DBZW33_4_N701_S504_S73_L008_R1_001",0.000125677291414069,0.000158364786910924,0.000129820891667116,0.000145873923384192,0.000234474593325075,21772,0.868617748663498,NA,0.129294936667537,0.0925788391224863,0.592680077472511,0.0106295968317221,0.0333977003423155,0,0,0.351567383663138,0.0212591936634443,0.0667954006846309,0,0
"213","F.28.A1.DBZW33_5_N701_S505_S97_L008_R1_001","DBZW33_N701_S505",0.239463920764164,0.378469488801675,6,155951,28,"F",1,138258,3,0,2,0,1,48754818,0,1541120,0,3749804,7,6,6,4,"DBZW33_5_N701_S505_S97_L008_R1_001","DBZW33_N701_S505","DBZW33_5_N701_S505_S97_L008_R1_001",28,"A1","ND","7-9-2014","old","DBZW33_5_N701_S505_S97_L008_R1_001.sorted.bam",133,"DBZW33_5_N701_S505_S97_L008_R1_001",0.000535870668935706,0.000622321404388423,0.000533645805484639,0.00057192299037261,0.00107832546490708,88452,0.93039014086575,"F",0.239463920764164,0.378469488801675,0.2086401039411,0.0783717824745591,0.329746803371451,0.434930951179058,0,0.26356864443482,0.0199037620297463,0.659493606742902,0.771787336842864,0
"214","F.28.A1.DBZW33_50_N704_S502_S28_L008_R1_001","DBZW33_N704_S502",0.271123730362721,0.364308380417008,1,150441,28,"F",0.75,150413,1,0,0,0,0,55183021,0,0,0,0,7,3,1,6,"DBZW33_50_N704_S502_S28_L008_R1_001","DBZW33_N704_S502","DBZW33_50_N704_S502_S28_L008_R1_001",28,"A1","ND","7-9-2014","old","DBZW33_50_N704_S502_S28_L008_R1_001.sorted.bam",134,"DBZW33_50_N704_S502_S28_L008_R1_001",0.000631480329206018,0.000648646979355433,0.000600464584057625,0.000634213065153682,0.00145451547178027,98898,1.00590251881311,"F",0.271123730362721,0.364308380417008,0.337614328606883,0,0.356459208132873,0.55637854098316,0,0.202849754421285,0,0.59432534892814,0.887242918033681,0
"215","F.28.A1.DBZW33_51_N704_S503_S52_L008_R1_001","DBZW33_N704_S503",0.482011426020462,0.130947043531637,7,153990,28,"F",1,122460,2,0,3,0,2,44163416,0,5132022,0,4129386,7,8,7,4,"DBZW33_51_N704_S503_S52_L008_R1_001","DBZW33_N704_S503","DBZW33_51_N704_S503_S52_L008_R1_001",28,"A1","ND","7-9-2014","old","DBZW33_51_N704_S503_S52_L008_R1_001.sorted.bam",135,"DBZW33_51_N704_S503_S52_L008_R1_001",0.000700987320681199,0.000669593530591204,0.000668205874191853,0.000699569906273256,0.00119234195671625,107471,1.03219477717237,"F",0.482011426020462,0.130947043531637,0.461220922182221,0.113007572158388,0.752338256568987,0.79679168468079,0,0.131680974799225,0.0777744540831588,0.0625778017023854,0.289450929528751,0
"216","F.28.A1.DBZW33_52_N704_S504_S76_L008_R1_001","DBZW33_N704_S504",0.184238044222418,0.192422959985952,8,155621,28,"F",1,123151,3,0,4,0,1,44049650,0,8397435,0,1368006,8,10,8,1,"DBZW33_52_N704_S504_S76_L008_R1_001","DBZW33_N704_S504","DBZW33_52_N704_S504_S76_L008_R1_001",28,"A1","ND","7-9-2014","old","DBZW33_52_N704_S504_S76_L008_R1_001.sorted.bam",136,"DBZW33_52_N704_S504_S76_L008_R1_001",0.000367299693931941,0.00035568003389924,0.000343843573874907,0.000368908845115396,0.000681522306972334,56287,1.03132311155073,"F",0.184238044222418,0.192422959985952,0.506378148216857,0.08919537672436,0,0.199979811186525,0,0.459217837613406,0.129101576223154,0,0.225893595339268,0
"217","F.28.A1.DBZW33_66_N705_S502_S29_L008_R1_001","DBZW33_N705_S502",0.37009850186256,0.3776854951481,4,158285,28,"F",1,124378,2,0,2,0,0,44514044,0,10167710,0,0,6,4,4,6,"DBZW33_66_N705_S502_S29_L008_R1_001","DBZW33_N705_S502","DBZW33_66_N705_S502_S29_L008_R1_001",28,"A1","ND","7-9-2014","old","DBZW33_66_N705_S502_S29_L008_R1_001.sorted.bam",137,"DBZW33_66_N705_S502_S29_L008_R1_001",0.000413647700779911,0.000400673985345261,0.000381268601722094,0.00040915292036875,0.000758821623453128,62832,1.04185020814236,"F",0.37009850186256,0.3776854951481,0.532851009016745,0.0785603335277372,0.362414979181214,0.67361437932158,0,0.313258909403177,0.157120667055474,0.724829958362428,0.437280527096984,0
"218","F.28.A1.DBZW33_67_N705_S503_S53_L008_R1_001","DBZW33_N705_S503",0.165677498957518,0.263413742481278,4,158382,28,"F",1,149815,2,0,2,0,0,52363581,0,2417721,0,0,4,6,4,5,"DBZW33_67_N705_S503_S53_L008_R1_001","DBZW33_N705_S503","DBZW33_67_N705_S503_S53_L008_R1_001",28,"A1","ND","7-9-2014","old","DBZW33_67_N705_S503_S53_L008_R1_001.sorted.bam",138,"DBZW33_67_N705_S503_S53_L008_R1_001",0.000403915520469644,0.000397636419002914,0.000375823974664577,0.000407127697315023,0.000755600818599761,62036,1.02639232994506,"F",0.165677498957518,0.263413742481278,0.457643763556558,0.0208692044983151,0.138482947630031,0.121144997613838,0,0.610988710696658,0.0417384089966302,0.276965895260062,0.242289995227676,0
"219","F.28.A1.DBZW33_68_N705_S504_S77_L008_R1_001","DBZW33_N705_S504",0.381354034936982,0.688477572926562,4,59475,28,"F",0.75,31852,2,0,2,0,0,9143152,0,43749897,0,0,6,6,4,4,"DBZW33_68_N705_S504_S77_L008_R1_001","DBZW33_N705_S504","DBZW33_68_N705_S504_S77_L008_R1_001",28,"A1","ND","7-9-2014","old","DBZW33_68_N705_S504_S77_L008_R1_001.sorted.bam",139,"DBZW33_68_N705_S504_S77_L008_R1_001",0.000179504659056042,0.000196935551195523,0.00016256100786016,0.000177496334780249,0.000480544084122269,28068,1.00283259489958,"F",0.381354034936982,0.688477572926562,0.485503277197022,0.418879570019491,0.294982824739645,0.317318111822969,0,0.629676736543068,0.837759140038982,0.58996564947929,0.634636223645938,0
"240","M.NA.nasuta.DBZW33_79_N705_S515_S341_L008_R1_001","DBZW33_N705_S515",0.999983961265513,3.20774689744833e-05,3,155339,NA,"M",0,155339,0,0,1,0,2,0,0,427450,0,53869762,1,1,3,1,"DBZW33_79_N705_S515_S341_L008_R1_001","DBZW33_N705_S515","DBZW33_79_N705_S515_S341_L008_R1_001",NA,"nasuta","male","42216","old","DBZW33_79_N705_S515_S341_L008_R1_001.sorted.bam",140,"DBZW33_79_N705_S515_S341_L008_R1_001",0.000266103041261291,0.000490883377449766,0.000473465492460186,0.000522478616103752,0.000573303263899222,69497,0.536921150095361,"M",0.999983961265513,3.20774689744833e-05,1,0.999950865347931,1,1,1,0,9.82693041377158e-05,0,0,0
"220","F.28.A1.DBZW33_82_N706_S502_S30_L008_R1_001","DBZW33_N706_S502",0.319381087412156,0.365389831472929,3,159092,28,"F",1,129858,2,0,1,0,0,46002359,0,8932810,0,0,7,6,3,4,"DBZW33_82_N706_S502_S30_L008_R1_001","DBZW33_N706_S502","DBZW33_82_N706_S502_S30_L008_R1_001",28,"A1","ND","7-9-2014","old","DBZW33_82_N706_S502_S30_L008_R1_001.sorted.bam",141,"DBZW33_82_N706_S502_S30_L008_R1_001",0.000703330252978115,0.000694969866076231,0.000685389913077705,0.000723612197096791,0.00132181831182158,110333,1.00286067625974,"F",0.319381087412156,0.365389831472929,0.648671160867651,0.0714067278287462,0.148761849083392,0.563152513184803,0,0.57503042648874,0.142813455657492,0.297523698166785,0.584597998062641,0
"221","F.28.A1.DBZW33_83_N706_S503_S54_L008_R1_001","DBZW33_N706_S503",0.501734479383192,0.631017054251473,4,152320,28,"F",0.5,133968,1,0,2,0,1,544308,0,49219077,0,4689732,8,6,4,2,"DBZW33_83_N706_S503_S54_L008_R1_001","DBZW33_N706_S503","DBZW33_83_N706_S503_S54_L008_R1_001",28,"A1","ND","7-9-2014","old","DBZW33_83_N706_S503_S54_L008_R1_001.sorted.bam",142,"DBZW33_83_N706_S503_S54_L008_R1_001",0.000571495254886253,0.000543281396855258,0.000519609158984195,0.000551468237529964,0.00104676157734409,85608,1.0620227496518,"F",0.501734479383192,0.631017054251473,0.339303668007211,0.540470687860558,0.434054221320635,0.700073954240814,0,0.32125398696436,0.905686008150592,0.868108442641269,0.291536861566906,0
"222","F.28.A1.DBZW33_84_N706_S504_S78_L008_R1_001","DBZW33_N706_S504",0.188597101583731,0.302990417212681,5,156207,28,"F",1,144584,3,0,2,0,0,50537206,0,3546580,0,0,7,5,5,7,"DBZW33_84_N706_S504_S78_L008_R1_001","DBZW33_N706_S504","DBZW33_84_N706_S504_S78_L008_R1_001",28,"A1","ND","7-9-2014","old","DBZW33_84_N706_S504_S78_L008_R1_001.sorted.bam",143,"DBZW33_84_N706_S504_S78_L008_R1_001",0.000351439844537431,0.000332455307906709,0.000315788369336005,0.000343159580575148,0.000714374516476671,52635,1.06346184087887,"F",0.188597101583731,0.302990417212681,0.214304335358065,0.0275833640808044,0.232580159800768,0.37579675916216,0,0.428608670716129,0.0551667281616087,0.133591020718758,0.751593518324321,0
"241","F.NA.nasuta.DBZW33_95_N706_S515_S342_L008_R1_001","DBZW33_N706_S515",1,0,1,159848,NA,"F",0,159848,0,0,0,0,1,0,0,0,0,55183021,1,1,1,1,"DBZW33_95_N706_S515_S342_L008_R1_001","DBZW33_N706_S515","DBZW33_95_N706_S515_S342_L008_R1_001",NA,"nasuta","female","42216","old","DBZW33_95_N706_S515_S342_L008_R1_001.sorted.bam",144,"DBZW33_95_N706_S515_S342_L008_R1_001",0.000496551458978484,0.000486421951884443,0.000495352531462166,0.00051935398624943,0.000499224752271795,78015,0.992356355306702,"F",1,0,1,1,1,1,1,0,0,0,0,0
"223","F.28.A1.DBZW33_98_N707_S502_S31_L008_R1_001","DBZW33_N707_S502",0.227097036291883,0.183123113828058,5,155255,28,"F",1,98557,2,0,2,0,1,47285539,0,6773206,0,393600,7,8,5,5,"DBZW33_98_N707_S502_S31_L008_R1_001","DBZW33_N707_S502","DBZW33_98_N707_S502_S31_L008_R1_001",28,"A1","ND","7-9-2014","old","DBZW33_98_N707_S502_S31_L008_R1_001.sorted.bam",145,"DBZW33_98_N707_S502_S31_L008_R1_001",0.000590028450106731,0.000610867247972488,0.000549418944335652,0.000590121066098246,0.00131280005823215,91758,1.01124200772095,"F",0.227097036291883,0.183123113828058,0.330191450392231,0.0579151249848003,0.181123872997615,0.447370887618333,0,0.307374641462487,0.103253600152865,0.23781653331529,0.123085575030462,0
"224","F.28.A1.DBZW33_99_N707_S503_S55_L008_R1_001","DBZW33_N707_S503",0.365460845699258,0.506985696046727,8,156262,28,"F",1,128836,3,0,3,0,2,45951639,0,4646725,0,3612681,6,3,8,6,"DBZW33_99_N707_S503_S55_L008_R1_001","DBZW33_N707_S503","DBZW33_99_N707_S503_S55_L008_R1_001",28,"A1","ND","7-9-2014","old","DBZW33_99_N707_S503_S55_L008_R1_001.sorted.bam",146,"DBZW33_99_N707_S503_S55_L008_R1_001",0.00077490983840826,0.000747431168113856,0.000737774098986576,0.000769671555690133,0.00134887307258986,118904,1.03097849591082,"F",0.365460845699258,0.506985696046727,0.588341263274031,0.0976675880136413,0.379244025677146,0.53028988488681,0.5,0.476692869948973,0.0741097653161913,0.747066613805262,0.93942023022638,1
